[22916:1804:0911/185343.847:WARNING:chrome_main_delegate.cc(745)] This is Chrome version 128.0.6613.138 (not a warning)
[22916:11452:0911/185344.358:ERROR:google_update_settings.cc(265)] Failed opening key Software\Chromium to set usagestats; result: 5
[22916:1804:0911/185344.536:WARNING:account_consistency_mode_manager.cc(77)] Desktop Identity Consistency cannot be enabled as no OAuth client ID and client secret have been configured.
[2108:13844:0911/185417.333:VERBOSE1:video_capture_oracle.cc(91)] Capture size auto-throttling is now enabled.
[2108:13844:0911/185417.333:VERBOSE1:video_capture_oracle.cc(120)] Capture size auto-throttling is now disabled.
[2108:13844:0911/185417.334:VERBOSE1:capture_resolution_chooser.cc(205)] Recomputed snapped frame sizes: 2x2
[2108:13844:0911/185417.334:VERBOSE1:capture_resolution_chooser.cc(157)] Recomputed capture size from 640x360 to 2x2 (100% of ideal size)
[14172:19112:0911/185417.338:WARNING:frame_impl.cc(430)] virtual CefFrameImpl::SendProcessMessage sent to detached frame 5-B2CB183BF0BF8B2793F31FB6FCAF841A will be ignored
[2108:13844:0911/185418.921:VERBOSE1:capture_resolution_chooser.cc(205)] Recomputed snapped frame sizes: 2x2
[22916:1804:0911/185443.079:WARNING:page_discarding_helper.cc(138)] Discarding multiple pages with target (kb): 0
[22916:1804:0911/185448.113:WARNING:page_discarding_helper.cc(138)] Discarding multiple pages with target (kb): 0
[22916:1804:0911/185453.151:WARNING:page_discarding_helper.cc(138)] Discarding multiple pages with target (kb): 0
[22916:1804:0911/185458.235:WARNING:page_discarding_helper.cc(138)] Discarding multiple pages with target (kb): 0
[22916:1804:0911/185503.270:WARNING:page_discarding_helper.cc(138)] Discarding multiple pages with target (kb): 0
[22916:1804:0911/185510.276:WARNING:page_discarding_helper.cc(138)] Discarding multiple pages with target (kb): 0
[22916:1804:0911/185515.319:WARNING:page_discarding_helper.cc(138)] Discarding multiple pages with target (kb): 0
[22916:1804:0911/185520.367:WARNING:page_discarding_helper.cc(138)] Discarding multiple pages with target (kb): 0
[22916:1804:0911/185525.372:WARNING:page_discarding_helper.cc(138)] Discarding multiple pages with target (kb): 0
[22916:1804:0911/185535.759:WARNING:page_discarding_helper.cc(138)] Discarding multiple pages with target (kb): 0
[22916:1804:0911/185540.759:WARNING:page_discarding_helper.cc(138)] Discarding multiple pages with target (kb): 0
[22916:1804:0911/185618.083:WARNING:page_discarding_helper.cc(138)] Discarding multiple pages with target (kb): 0
[22916:1804:0911/185623.126:WARNING:page_discarding_helper.cc(138)] Discarding multiple pages with target (kb): 0
[22916:1804:0911/185628.155:WARNING:page_discarding_helper.cc(138)] Discarding multiple pages with target (kb): 0
[22916:1804:0911/185633.159:WARNING:page_discarding_helper.cc(138)] Discarding multiple pages with target (kb): 0
[22916:1804:0911/185638.203:WARNING:page_discarding_helper.cc(138)] Discarding multiple pages with target (kb): 0
[22916:1804:0911/185643.413:WARNING:page_discarding_helper.cc(138)] Discarding multiple pages with target (kb): 0
[22916:1804:0911/185713.425:WARNING:page_discarding_helper.cc(138)] Discarding multiple pages with target (kb): 0
[22916:1804:0911/185718.428:WARNING:page_discarding_helper.cc(138)] Discarding multiple pages with target (kb): 0
[22916:1804:0911/185723.427:WARNING:page_discarding_helper.cc(138)] Discarding multiple pages with target (kb): 0
[22916:1804:0911/185728.428:WARNING:page_discarding_helper.cc(138)] Discarding multiple pages with target (kb): 0
[22916:1804:0911/185733.428:WARNING:page_discarding_helper.cc(138)] Discarding multiple pages with target (kb): 0
[22916:1804:0911/185738.429:WARNING:page_discarding_helper.cc(138)] Discarding multiple pages with target (kb): 0
[22916:1804:0911/185743.429:WARNING:page_discarding_helper.cc(138)] Discarding multiple pages with target (kb): 0
[22916:1804:0911/185748.432:WARNING:page_discarding_helper.cc(138)] Discarding multiple pages with target (kb): 0
[22916:1804:0911/185753.431:WARNING:page_discarding_helper.cc(138)] Discarding multiple pages with target (kb): 0
[22916:1804:0911/185758.434:WARNING:page_discarding_helper.cc(138)] Discarding multiple pages with target (kb): 0
[22916:1804:0911/185803.437:WARNING:page_discarding_helper.cc(138)] Discarding multiple pages with target (kb): 0
[22916:1804:0911/185808.435:WARNING:page_discarding_helper.cc(138)] Discarding multiple pages with target (kb): 0
[22916:1804:0911/185813.436:WARNING:page_discarding_helper.cc(138)] Discarding multiple pages with target (kb): 0
[22916:1804:0911/185828.439:WARNING:page_discarding_helper.cc(138)] Discarding multiple pages with target (kb): 0
[22916:1804:0911/185833.904:WARNING:page_discarding_helper.cc(138)] Discarding multiple pages with target (kb): 0
[22916:1804:0911/190111.871:WARNING:page_discarding_helper.cc(138)] Discarding multiple pages with target (kb): 0
[22916:1804:0911/190116.875:WARNING:page_discarding_helper.cc(138)] Discarding multiple pages with target (kb): 0
[22916:1804:0911/190121.876:WARNING:page_discarding_helper.cc(138)] Discarding multiple pages with target (kb): 0
[22916:1804:0911/190126.878:WARNING:page_discarding_helper.cc(138)] Discarding multiple pages with target (kb): 0
[22916:1804:0911/190131.888:WARNING:page_discarding_helper.cc(138)] Discarding multiple pages with target (kb): 0
[22916:1804:0911/190358.868:WARNING:page_discarding_helper.cc(138)] Discarding multiple pages with target (kb): 0
[22916:20036:0911/191102.380:VERBOSE1:media_stream_manager.cc(1533)] MSPL::OnSpeedLimitChange({this=000063440013AD40}, {new_limit=24})
[22916:20036:0911/191105.373:VERBOSE1:media_stream_manager.cc(1533)] MSPL::OnSpeedLimitChange({this=000063440013AD40}, {new_limit=25})
[22916:20036:0911/191111.706:VERBOSE1:media_stream_manager.cc(1533)] MSPL::OnSpeedLimitChange({this=000063440013AD40}, {new_limit=26})
[1408:2632:0911/191114.718:VERBOSE1:network_delegate.cc(36)] NetworkDelegate::NotifyBeforeURLRequest: https://optimizationguide-pa.googleapis.com/v1:GetModels?key=dummytoken
[1408:2632:0911/191114.888:VERBOSE1:tls_handshaker.cc(105)] TlsClient: Continuing handshake
[1408:2632:0911/191114.892:VERBOSE1:tls_handshaker.cc(126)] TlsClient: SSL_do_handshake returned when entering early data. After retry, rv=-1, SSL_in_early_data=1
[1408:2632:0911/191115.252:VERBOSE1:tls_handshaker.cc(105)] TlsClient: Continuing handshake
[1408:2632:0911/191115.252:VERBOSE1:tls_handshaker.cc(105)] TlsClient: Continuing handshake
[1408:2632:0911/191115.252:VERBOSE1:tls_client_handshaker.cc(528)] Client: handshake finished
[22916:20036:0911/191117.382:VERBOSE1:media_stream_manager.cc(1533)] MSPL::OnSpeedLimitChange({this=000063440013AD40}, {new_limit=27})
[22916:20036:0911/191157.713:VERBOSE1:media_stream_manager.cc(1533)] MSPL::OnSpeedLimitChange({this=000063440013AD40}, {new_limit=26})
[22916:20036:0911/191201.712:VERBOSE1:media_stream_manager.cc(1533)] MSPL::OnSpeedLimitChange({this=000063440013AD40}, {new_limit=25})
[22916:1804:0911/191204.429:VERBOSE1:device_event_log_impl.cc(198)] [19:12:04.429] Display: EVENT: screen_win.cc:893 Displays updated, count: 1
[22916:1804:0911/191204.429:VERBOSE1:device_event_log_impl.cc(198)] [19:12:04.429] Display: EVENT: screen_win.cc:895 Display[695197902] bounds=[0,0 1536x864], workarea=[0,0 1536x816], scale=1.25, rotation=0, panel_rotation=0 external detected
[22916:20036:0911/191204.712:VERBOSE1:media_stream_manager.cc(1533)] MSPL::OnSpeedLimitChange({this=000063440013AD40}, {new_limit=23})
[22916:20036:0911/191205.421:VERBOSE1:media_stream_manager.cc(1533)] MSPL::OnSpeedLimitChange({this=000063440013AD40}, {new_limit=22})
[22916:20036:0911/191207.617:VERBOSE1:media_stream_manager.cc(1533)] MSPL::OnSpeedLimitChange({this=000063440013AD40}, {new_limit=23})
[22916:1804:0911/191207.909:VERBOSE1:device_event_log_impl.cc(198)] [19:12:07.909] Display: EVENT: screen_win.cc:893 Displays updated, count: 1
[22916:1804:0911/191207.909:VERBOSE1:device_event_log_impl.cc(198)] [19:12:07.909] Display: EVENT: screen_win.cc:895 Display[695197902] bounds=[0,0 1536x864], workarea=[0,0 1536x816], scale=1.25, rotation=0, panel_rotation=0 external detected
[22916:20036:0911/191208.422:VERBOSE1:media_stream_manager.cc(1533)] MSPL::OnSpeedLimitChange({this=000063440013AD40}, {new_limit=22})
[22916:20036:0911/191209.425:VERBOSE1:media_stream_manager.cc(1533)] MSPL::OnSpeedLimitChange({this=000063440013AD40}, {new_limit=21})
[22916:20036:0911/191212.615:VERBOSE1:media_stream_manager.cc(1533)] MSPL::OnSpeedLimitChange({this=000063440013AD40}, {new_limit=22})
[22916:20036:0911/191214.622:VERBOSE1:media_stream_manager.cc(1533)] MSPL::OnSpeedLimitChange({this=000063440013AD40}, {new_limit=24})
[22916:20036:0911/191216.615:VERBOSE1:media_stream_manager.cc(1533)] MSPL::OnSpeedLimitChange({this=000063440013AD40}, {new_limit=25})
[22916:20036:0911/191219.618:VERBOSE1:media_stream_manager.cc(1533)] MSPL::OnSpeedLimitChange({this=000063440013AD40}, {new_limit=26})
[22916:20036:0911/191221.616:VERBOSE1:media_stream_manager.cc(1533)] MSPL::OnSpeedLimitChange({this=000063440013AD40}, {new_limit=27})
[22916:20036:0911/191229.646:VERBOSE1:media_stream_manager.cc(1533)] MSPL::OnSpeedLimitChange({this=000063440013AD40}, {new_limit=28})
[22916:20036:0911/191231.620:VERBOSE1:media_stream_manager.cc(1533)] MSPL::OnSpeedLimitChange({this=000063440013AD40}, {new_limit=27})
[22916:20036:0911/191250.624:VERBOSE1:media_stream_manager.cc(1533)] MSPL::OnSpeedLimitChange({this=000063440013AD40}, {new_limit=26})
[22916:20036:0911/191251.624:VERBOSE1:media_stream_manager.cc(1533)] MSPL::OnSpeedLimitChange({this=000063440013AD40}, {new_limit=27})
[22916:20036:0911/191253.643:VERBOSE1:media_stream_manager.cc(1533)] MSPL::OnSpeedLimitChange({this=000063440013AD40}, {new_limit=26})
[22916:20036:0911/191255.620:VERBOSE1:media_stream_manager.cc(1533)] MSPL::OnSpeedLimitChange({this=000063440013AD40}, {new_limit=27})
[22916:20036:0911/191335.630:VERBOSE1:media_stream_manager.cc(1533)] MSPL::OnSpeedLimitChange({this=000063440013AD40}, {new_limit=26})
[22916:20036:0911/191339.634:VERBOSE1:media_stream_manager.cc(1533)] MSPL::OnSpeedLimitChange({this=000063440013AD40}, {new_limit=27})
[1408:2632:0911/191345.634:VERBOSE1:network_delegate.cc(36)] NetworkDelegate::NotifyBeforeURLRequest: https://optimizationguide-pa.googleapis.com/v1:GetModels?key=dummytoken
[1408:2632:0911/191345.741:VERBOSE1:tls_handshaker.cc(105)] TlsClient: Continuing handshake
[1408:2632:0911/191345.748:VERBOSE1:tls_handshaker.cc(126)] TlsClient: SSL_do_handshake returned when entering early data. After retry, rv=-1, SSL_in_early_data=1
[1408:2632:0911/191346.091:VERBOSE1:tls_handshaker.cc(105)] TlsClient: Continuing handshake
[1408:2632:0911/191346.094:VERBOSE1:tls_handshaker.cc(105)] TlsClient: Continuing handshake
[1408:2632:0911/191346.095:VERBOSE1:tls_client_handshaker.cc(528)] Client: handshake finished
[22916:20036:0911/191404.636:VERBOSE1:media_stream_manager.cc(1533)] MSPL::OnSpeedLimitChange({this=000063440013AD40}, {new_limit=26})
[22916:20036:0911/191407.638:VERBOSE1:media_stream_manager.cc(1533)] MSPL::OnSpeedLimitChange({this=000063440013AD40}, {new_limit=25})
[22916:20036:0911/191410.652:VERBOSE1:media_stream_manager.cc(1533)] MSPL::OnSpeedLimitChange({this=000063440013AD40}, {new_limit=24})
[22916:20036:0911/191417.639:VERBOSE1:media_stream_manager.cc(1533)] MSPL::OnSpeedLimitChange({this=000063440013AD40}, {new_limit=25})
[22916:20036:0911/191420.647:VERBOSE1:media_stream_manager.cc(1533)] MSPL::OnSpeedLimitChange({this=000063440013AD40}, {new_limit=26})
[22916:20036:0911/191424.641:VERBOSE1:media_stream_manager.cc(1533)] MSPL::OnSpeedLimitChange({this=000063440013AD40}, {new_limit=27})
[22916:20036:0911/191432.641:VERBOSE1:media_stream_manager.cc(1533)] MSPL::OnSpeedLimitChange({this=000063440013AD40}, {new_limit=26})
[22916:20036:0911/191435.641:VERBOSE1:media_stream_manager.cc(1533)] MSPL::OnSpeedLimitChange({this=000063440013AD40}, {new_limit=25})
[22916:20036:0911/191437.642:VERBOSE1:media_stream_manager.cc(1533)] MSPL::OnSpeedLimitChange({this=000063440013AD40}, {new_limit=24})
[22916:20036:0911/191440.645:VERBOSE1:media_stream_manager.cc(1533)] MSPL::OnSpeedLimitChange({this=000063440013AD40}, {new_limit=23})
[22916:20036:0911/191446.644:VERBOSE1:media_stream_manager.cc(1533)] MSPL::OnSpeedLimitChange({this=000063440013AD40}, {new_limit=24})
[22916:20036:0911/191450.644:VERBOSE1:media_stream_manager.cc(1533)] MSPL::OnSpeedLimitChange({this=000063440013AD40}, {new_limit=25})
[22916:20036:0911/191454.645:VERBOSE1:media_stream_manager.cc(1533)] MSPL::OnSpeedLimitChange({this=000063440013AD40}, {new_limit=26})
[22916:20036:0911/191511.648:VERBOSE1:media_stream_manager.cc(1533)] MSPL::OnSpeedLimitChange({this=000063440013AD40}, {new_limit=27})
[22916:20036:0911/191537.662:VERBOSE1:media_stream_manager.cc(1533)] MSPL::OnSpeedLimitChange({this=000063440013AD40}, {new_limit=28})
[22916:20036:0911/191546.657:VERBOSE1:media_stream_manager.cc(1533)] MSPL::OnSpeedLimitChange({this=000063440013AD40}, {new_limit=27})
[22916:20036:0911/191552.657:VERBOSE1:media_stream_manager.cc(1533)] MSPL::OnSpeedLimitChange({this=000063440013AD40}, {new_limit=26})
[22916:20036:0911/191604.658:VERBOSE1:media_stream_manager.cc(1533)] MSPL::OnSpeedLimitChange({this=000063440013AD40}, {new_limit=27})
[22916:1804:0911/191606.016:VERBOSE1:device_event_log_impl.cc(198)] [19:16:06.016] Display: EVENT: screen_win.cc:893 Displays updated, count: 1
[22916:1804:0911/191606.016:VERBOSE1:device_event_log_impl.cc(198)] [19:16:06.017] Display: EVENT: screen_win.cc:895 Display[695197902] bounds=[0,0 1536x864], workarea=[0,0 1536x816], scale=1.25, rotation=0, panel_rotation=0 external detected
[22916:20036:0911/191608.806:VERBOSE1:media_stream_manager.cc(1533)] MSPL::OnSpeedLimitChange({this=000063440013AD40}, {new_limit=26})
[22916:20036:0911/191609.808:VERBOSE1:media_stream_manager.cc(1533)] MSPL::OnSpeedLimitChange({this=000063440013AD40}, {new_limit=25})
[22916:20036:0911/191618.813:VERBOSE1:media_stream_manager.cc(1533)] MSPL::OnSpeedLimitChange({this=000063440013AD40}, {new_limit=26})
[22916:20036:0911/191619.813:VERBOSE1:media_stream_manager.cc(1533)] MSPL::OnSpeedLimitChange({this=000063440013AD40}, {new_limit=27})
[1408:2632:0911/191625.478:VERBOSE1:network_delegate.cc(36)] NetworkDelegate::NotifyBeforeURLRequest: https://optimizationguide-pa.googleapis.com/v1:GetModels?key=dummytoken
[1408:2632:0911/191625.507:VERBOSE1:tls_handshaker.cc(105)] TlsClient: Continuing handshake
[1408:2632:0911/191625.507:VERBOSE1:tls_handshaker.cc(126)] TlsClient: SSL_do_handshake returned when entering early data. After retry, rv=-1, SSL_in_early_data=1
[1408:2632:0911/191625.593:VERBOSE1:tls_handshaker.cc(105)] TlsClient: Continuing handshake
[1408:2632:0911/191625.593:VERBOSE1:tls_handshaker.cc(105)] TlsClient: Continuing handshake
[1408:2632:0911/191625.594:VERBOSE1:tls_client_handshaker.cc(528)] Client: handshake finished
[22916:20036:0911/191628.837:VERBOSE1:media_stream_manager.cc(1533)] MSPL::OnSpeedLimitChange({this=000063440013AD40}, {new_limit=26})
[22916:20036:0911/191634.812:VERBOSE1:media_stream_manager.cc(1533)] MSPL::OnSpeedLimitChange({this=000063440013AD40}, {new_limit=25})
[22916:20036:0911/191639.814:VERBOSE1:media_stream_manager.cc(1533)] MSPL::OnSpeedLimitChange({this=000063440013AD40}, {new_limit=26})
[22916:20036:0911/191646.812:VERBOSE1:media_stream_manager.cc(1533)] MSPL::OnSpeedLimitChange({this=000063440013AD40}, {new_limit=27})
[22916:20036:0911/191647.812:VERBOSE1:media_stream_manager.cc(1533)] MSPL::OnSpeedLimitChange({this=000063440013AD40}, {new_limit=26})
[22916:20036:0911/191659.820:VERBOSE1:media_stream_manager.cc(1533)] MSPL::OnSpeedLimitChange({this=000063440013AD40}, {new_limit=27})
[22916:20036:0911/191707.820:VERBOSE1:media_stream_manager.cc(1533)] MSPL::OnSpeedLimitChange({this=000063440013AD40}, {new_limit=28})
[22916:20036:0911/191714.831:VERBOSE1:media_stream_manager.cc(1533)] MSPL::OnSpeedLimitChange({this=000063440013AD40}, {new_limit=27})
[22916:20036:0911/191728.553:VERBOSE1:media_stream_manager.cc(1533)] MSPL::OnSpeedLimitChange({this=000063440013AD40}, {new_limit=28})
[22916:20036:0911/191728.882:VERBOSE1:media_stream_manager.cc(1533)] MSPL::OnSpeedLimitChange({this=000063440013AD40}, {new_limit=27})
[22916:20036:0911/191731.895:VERBOSE1:media_stream_manager.cc(1533)] MSPL::OnSpeedLimitChange({this=000063440013AD40}, {new_limit=26})
[22916:20036:0911/191739.894:VERBOSE1:media_stream_manager.cc(1533)] MSPL::OnSpeedLimitChange({this=000063440013AD40}, {new_limit=27})
[22916:20036:0911/191803.910:VERBOSE1:media_stream_manager.cc(1533)] MSPL::OnSpeedLimitChange({this=000063440013AD40}, {new_limit=26})
[22916:20036:0911/191805.908:VERBOSE1:media_stream_manager.cc(1533)] MSPL::OnSpeedLimitChange({this=000063440013AD40}, {new_limit=27})
[22916:20036:0911/191820.892:VERBOSE1:media_stream_manager.cc(1533)] MSPL::OnSpeedLimitChange({this=000063440013AD40}, {new_limit=26})
[22916:20036:0911/191822.893:VERBOSE1:media_stream_manager.cc(1533)] MSPL::OnSpeedLimitChange({this=000063440013AD40}, {new_limit=27})
[22916:20036:0911/191825.893:VERBOSE1:media_stream_manager.cc(1533)] MSPL::OnSpeedLimitChange({this=000063440013AD40}, {new_limit=26})
[22916:20036:0911/191828.901:VERBOSE1:media_stream_manager.cc(1533)] MSPL::OnSpeedLimitChange({this=000063440013AD40}, {new_limit=27})
[22916:20036:0911/191829.895:VERBOSE1:media_stream_manager.cc(1533)] MSPL::OnSpeedLimitChange({this=000063440013AD40}, {new_limit=26})
[22916:20036:0911/191840.896:VERBOSE1:media_stream_manager.cc(1533)] MSPL::OnSpeedLimitChange({this=000063440013AD40}, {new_limit=27})
[22916:1804:0911/191857.888:VERBOSE1:device_event_log_impl.cc(198)] [19:18:57.888] Display: EVENT: screen_win.cc:893 Displays updated, count: 1
[22916:1804:0911/191857.889:VERBOSE1:device_event_log_impl.cc(198)] [19:18:57.888] Display: EVENT: screen_win.cc:895 Display[695197902] bounds=[0,0 1536x864], workarea=[0,0 1536x816], scale=1.25, rotation=0, panel_rotation=0 external detected
[22916:20036:0911/191858.759:VERBOSE1:media_stream_manager.cc(1533)] MSPL::OnSpeedLimitChange({this=000063440013AD40}, {new_limit=26})
[22916:20036:0911/191908.762:VERBOSE1:media_stream_manager.cc(1533)] MSPL::OnSpeedLimitChange({this=000063440013AD40}, {new_limit=27})
[1408:2632:0911/191918.430:VERBOSE1:network_delegate.cc(36)] NetworkDelegate::NotifyBeforeURLRequest: https://optimizationguide-pa.googleapis.com/v1:GetModels?key=dummytoken
[1408:2632:0911/191918.452:VERBOSE1:tls_handshaker.cc(105)] TlsClient: Continuing handshake
[1408:2632:0911/191918.453:VERBOSE1:tls_handshaker.cc(126)] TlsClient: SSL_do_handshake returned when entering early data. After retry, rv=-1, SSL_in_early_data=1
[1408:2632:0911/191918.539:VERBOSE1:tls_handshaker.cc(105)] TlsClient: Continuing handshake
[1408:2632:0911/191918.539:VERBOSE1:tls_handshaker.cc(105)] TlsClient: Continuing handshake
[1408:2632:0911/191918.539:VERBOSE1:tls_client_handshaker.cc(528)] Client: handshake finished
[22916:20036:0911/191948.784:VERBOSE1:media_stream_manager.cc(1533)] MSPL::OnSpeedLimitChange({this=000063440013AD40}, {new_limit=28})
[22916:20036:0911/191950.113:VERBOSE1:media_stream_manager.cc(1533)] MSPL::OnSpeedLimitChange({this=000063440013AD40}, {new_limit=27})
[22916:1804:0911/192017.150:VERBOSE1:device_event_log_impl.cc(198)] [19:20:17.149] Display: EVENT: screen_win.cc:893 Displays updated, count: 1
[22916:1804:0911/192017.150:VERBOSE1:device_event_log_impl.cc(198)] [19:20:17.150] Display: EVENT: screen_win.cc:895 Display[695197902] bounds=[0,0 1536x864], workarea=[0,0 1536x816], scale=1.25, rotation=0, panel_rotation=0 external detected
[22916:20036:0911/192018.951:VERBOSE1:media_stream_manager.cc(1533)] MSPL::OnSpeedLimitChange({this=000063440013AD40}, {new_limit=26})
[22916:20036:0911/192025.954:VERBOSE1:media_stream_manager.cc(1533)] MSPL::OnSpeedLimitChange({this=000063440013AD40}, {new_limit=27})
[22916:1804:0911/192031.360:VERBOSE1:device_event_log_impl.cc(198)] [19:20:31.359] Display: EVENT: screen_win.cc:893 Displays updated, count: 1
[22916:1804:0911/192031.361:VERBOSE1:device_event_log_impl.cc(198)] [19:20:31.360] Display: EVENT: screen_win.cc:895 Display[695197902] bounds=[0,0 1536x864], workarea=[0,0 1536x816], scale=1.25, rotation=0, panel_rotation=0 external detected
[22916:20036:0911/192032.910:VERBOSE1:media_stream_manager.cc(1533)] MSPL::OnSpeedLimitChange({this=000063440013AD40}, {new_limit=26})
[22916:20036:0911/192034.912:VERBOSE1:media_stream_manager.cc(1533)] MSPL::OnSpeedLimitChange({this=000063440013AD40}, {new_limit=25})
[22916:20036:0911/192043.970:VERBOSE1:media_stream_manager.cc(1533)] MSPL::OnSpeedLimitChange({this=000063440013AD40}, {new_limit=26})
[22916:1804:0911/192048.250:VERBOSE1:device_event_log_impl.cc(198)] [19:20:48.250] Display: EVENT: screen_win.cc:893 Displays updated, count: 1
[22916:1804:0911/192048.250:VERBOSE1:device_event_log_impl.cc(198)] [19:20:48.250] Display: EVENT: screen_win.cc:895 Display[695197902] bounds=[0,0 1536x864], workarea=[0,0 1536x816], scale=1.25, rotation=0, panel_rotation=0 external detected
[22916:20036:0911/192057.234:VERBOSE1:media_stream_manager.cc(1533)] MSPL::OnSpeedLimitChange({this=000063440013AD40}, {new_limit=25})
[22916:1804:0911/192102.079:VERBOSE1:device_event_log_impl.cc(198)] [19:21:02.078] Display: EVENT: screen_win.cc:893 Displays updated, count: 1
[22916:1804:0911/192102.079:VERBOSE1:device_event_log_impl.cc(198)] [19:21:02.079] Display: EVENT: screen_win.cc:895 Display[695197902] bounds=[0,0 1536x864], workarea=[0,0 1536x816], scale=1.25, rotation=0, panel_rotation=0 external detected
[22916:20036:0911/192102.931:VERBOSE1:media_stream_manager.cc(1533)] MSPL::OnSpeedLimitChange({this=000063440013AD40}, {new_limit=24})
[22916:20036:0911/192106.944:VERBOSE1:media_stream_manager.cc(1533)] MSPL::OnSpeedLimitChange({this=000063440013AD40}, {new_limit=23})
[22916:20036:0911/192108.948:VERBOSE1:media_stream_manager.cc(1533)] MSPL::OnSpeedLimitChange({this=000063440013AD40}, {new_limit=24})
[22916:20036:0911/192110.945:VERBOSE1:media_stream_manager.cc(1533)] MSPL::OnSpeedLimitChange({this=000063440013AD40}, {new_limit=23})
[22916:20036:0911/192113.150:VERBOSE1:media_stream_manager.cc(1533)] MSPL::OnSpeedLimitChange({this=000063440013AD40}, {new_limit=24})
[22916:20036:0911/192115.148:VERBOSE1:media_stream_manager.cc(1533)] MSPL::OnSpeedLimitChange({this=000063440013AD40}, {new_limit=25})
[22916:20036:0911/192117.150:VERBOSE1:media_stream_manager.cc(1533)] MSPL::OnSpeedLimitChange({this=000063440013AD40}, {new_limit=26})
[22916:20036:0911/192120.153:VERBOSE1:media_stream_manager.cc(1533)] MSPL::OnSpeedLimitChange({this=000063440013AD40}, {new_limit=27})
[22916:20036:0911/192122.155:VERBOSE1:media_stream_manager.cc(1533)] MSPL::OnSpeedLimitChange({this=000063440013AD40}, {new_limit=26})
[22916:20036:0911/192123.148:VERBOSE1:media_stream_manager.cc(1533)] MSPL::OnSpeedLimitChange({this=000063440013AD40}, {new_limit=27})
[22916:20036:0911/192128.152:VERBOSE1:media_stream_manager.cc(1533)] MSPL::OnSpeedLimitChange({this=000063440013AD40}, {new_limit=26})
[22916:20036:0911/192131.152:VERBOSE1:media_stream_manager.cc(1533)] MSPL::OnSpeedLimitChange({this=000063440013AD40}, {new_limit=27})
[22916:1804:0911/192139.696:VERBOSE1:device_event_log_impl.cc(198)] [19:21:39.695] Display: EVENT: screen_win.cc:893 Displays updated, count: 1
[22916:1804:0911/192139.696:VERBOSE1:device_event_log_impl.cc(198)] [19:21:39.695] Display: EVENT: screen_win.cc:895 Display[695197902] bounds=[0,0 1536x864], workarea=[0,0 1536x816], scale=1.25, rotation=0, panel_rotation=0 external detected
[22916:20036:0911/192139.962:VERBOSE1:media_stream_manager.cc(1533)] MSPL::OnSpeedLimitChange({this=000063440013AD40}, {new_limit=26})
[22916:20036:0911/192142.958:VERBOSE1:media_stream_manager.cc(1533)] MSPL::OnSpeedLimitChange({this=000063440013AD40}, {new_limit=25})
[22916:20036:0911/192144.959:VERBOSE1:media_stream_manager.cc(1533)] MSPL::OnSpeedLimitChange({this=000063440013AD40}, {new_limit=24})
[22916:20036:0911/192147.955:VERBOSE1:media_stream_manager.cc(1533)] MSPL::OnSpeedLimitChange({this=000063440013AD40}, {new_limit=23})
[22916:20036:0911/192153.247:VERBOSE1:media_stream_manager.cc(1533)] MSPL::OnSpeedLimitChange({this=000063440013AD40}, {new_limit=24})
[22916:20036:0911/192156.248:VERBOSE1:media_stream_manager.cc(1533)] MSPL::OnSpeedLimitChange({this=000063440013AD40}, {new_limit=25})
[22916:1804:0911/192157.009:VERBOSE1:device_event_log_impl.cc(198)] [19:21:57.008] Display: EVENT: screen_win.cc:893 Displays updated, count: 1
[22916:1804:0911/192157.009:VERBOSE1:device_event_log_impl.cc(198)] [19:21:57.009] Display: EVENT: screen_win.cc:895 Display[695197902] bounds=[0,0 1536x864], workarea=[0,0 1536x816], scale=1.25, rotation=0, panel_rotation=0 external detected
[22916:20036:0911/192208.023:VERBOSE1:media_stream_manager.cc(1533)] MSPL::OnSpeedLimitChange({this=000063440013AD40}, {new_limit=26})
[22916:1804:0911/192208.769:VERBOSE1:device_event_log_impl.cc(198)] [19:22:08.768] Display: EVENT: screen_win.cc:893 Displays updated, count: 1
[22916:1804:0911/192208.769:VERBOSE1:device_event_log_impl.cc(198)] [19:22:08.768] Display: EVENT: screen_win.cc:895 Display[695197902] bounds=[0,0 1536x864], workarea=[0,0 1536x816], scale=1.25, rotation=0, panel_rotation=0 external detected
[1408:2632:0911/192209.673:VERBOSE1:network_delegate.cc(36)] NetworkDelegate::NotifyBeforeURLRequest: https://optimizationguide-pa.googleapis.com/v1:GetModels?key=dummytoken
[1408:2632:0911/192209.712:VERBOSE1:tls_handshaker.cc(105)] TlsClient: Continuing handshake
[1408:2632:0911/192209.713:VERBOSE1:tls_handshaker.cc(126)] TlsClient: SSL_do_handshake returned when entering early data. After retry, rv=-1, SSL_in_early_data=1
[1408:2632:0911/192209.967:VERBOSE1:tls_handshaker.cc(105)] TlsClient: Continuing handshake
[1408:2632:0911/192209.967:VERBOSE1:tls_handshaker.cc(105)] TlsClient: Continuing handshake
[1408:2632:0911/192209.967:VERBOSE1:tls_client_handshaker.cc(528)] Client: handshake finished
[22916:20036:0911/192212.975:VERBOSE1:media_stream_manager.cc(1533)] MSPL::OnSpeedLimitChange({this=000063440013AD40}, {new_limit=25})
[22916:20036:0911/192213.978:VERBOSE1:media_stream_manager.cc(1533)] MSPL::OnSpeedLimitChange({this=000063440013AD40}, {new_limit=26})
[22916:20036:0911/192214.995:VERBOSE1:media_stream_manager.cc(1533)] MSPL::OnSpeedLimitChange({this=000063440013AD40}, {new_limit=25})
[22916:20036:0911/192221.224:VERBOSE1:media_stream_manager.cc(1533)] MSPL::OnSpeedLimitChange({this=000063440013AD40}, {new_limit=26})
[22916:20036:0911/192225.241:VERBOSE1:media_stream_manager.cc(1533)] MSPL::OnSpeedLimitChange({this=000063440013AD40}, {new_limit=27})
[22916:1804:0911/192238.379:VERBOSE1:device_event_log_impl.cc(198)] [19:22:38.378] Display: EVENT: screen_win.cc:893 Displays updated, count: 1
[22916:1804:0911/192238.379:VERBOSE1:device_event_log_impl.cc(198)] [19:22:38.378] Display: EVENT: screen_win.cc:895 Display[695197902] bounds=[0,0 1536x864], workarea=[0,0 1536x816], scale=1.25, rotation=0, panel_rotation=0 external detected
[22916:20036:0911/192240.005:VERBOSE1:media_stream_manager.cc(1533)] MSPL::OnSpeedLimitChange({this=000063440013AD40}, {new_limit=26})
[22916:20036:0911/192242.008:VERBOSE1:media_stream_manager.cc(1533)] MSPL::OnSpeedLimitChange({this=000063440013AD40}, {new_limit=25})
[22916:20036:0911/192247.294:VERBOSE1:media_stream_manager.cc(1533)] MSPL::OnSpeedLimitChange({this=000063440013AD40}, {new_limit=24})
[22916:20036:0911/192249.276:VERBOSE1:media_stream_manager.cc(1533)] MSPL::OnSpeedLimitChange({this=000063440013AD40}, {new_limit=25})
[22916:20036:0911/192253.278:VERBOSE1:media_stream_manager.cc(1533)] MSPL::OnSpeedLimitChange({this=000063440013AD40}, {new_limit=26})
[22916:1804:0911/192254.286:VERBOSE1:device_event_log_impl.cc(198)] [19:22:54.286] Display: EVENT: screen_win.cc:893 Displays updated, count: 1
[22916:1804:0911/192254.286:VERBOSE1:device_event_log_impl.cc(198)] [19:22:54.286] Display: EVENT: screen_win.cc:895 Display[695197902] bounds=[0,0 1536x864], workarea=[0,0 1536x816], scale=1.25, rotation=0, panel_rotation=0 external detected
[22916:20036:0911/192256.130:VERBOSE1:media_stream_manager.cc(1533)] MSPL::OnSpeedLimitChange({this=000063440013AD40}, {new_limit=25})
[22916:20036:0911/192300.136:VERBOSE1:media_stream_manager.cc(1533)] MSPL::OnSpeedLimitChange({this=000063440013AD40}, {new_limit=24})
[22916:20036:0911/192306.196:VERBOSE1:media_stream_manager.cc(1533)] MSPL::OnSpeedLimitChange({this=000063440013AD40}, {new_limit=25})
[22916:20036:0911/192309.185:VERBOSE1:media_stream_manager.cc(1533)] MSPL::OnSpeedLimitChange({this=000063440013AD40}, {new_limit=26})
[22916:1804:0911/192309.215:VERBOSE1:device_event_log_impl.cc(198)] [19:23:09.214] Display: EVENT: screen_win.cc:893 Displays updated, count: 1
[22916:1804:0911/192309.215:VERBOSE1:device_event_log_impl.cc(198)] [19:23:09.214] Display: EVENT: screen_win.cc:895 Display[695197902] bounds=[0,0 1536x864], workarea=[0,0 1536x816], scale=1.25, rotation=0, panel_rotation=0 external detected
[22916:1804:0911/192311.226:VERBOSE1:device_event_log_impl.cc(198)] [19:23:11.225] Display: EVENT: screen_win.cc:893 Displays updated, count: 1
[22916:1804:0911/192311.226:VERBOSE1:device_event_log_impl.cc(198)] [19:23:11.225] Display: EVENT: screen_win.cc:895 Display[695197902] bounds=[0,0 1536x864], workarea=[0,0 1536x816], scale=1.25, rotation=0, panel_rotation=0 external detected
[22916:20036:0911/192313.149:VERBOSE1:media_stream_manager.cc(1533)] MSPL::OnSpeedLimitChange({this=000063440013AD40}, {new_limit=25})
[22916:20036:0911/192320.179:VERBOSE1:media_stream_manager.cc(1533)] MSPL::OnSpeedLimitChange({this=000063440013AD40}, {new_limit=26})
[22916:20036:0911/192323.166:VERBOSE1:media_stream_manager.cc(1533)] MSPL::OnSpeedLimitChange({this=000063440013AD40}, {new_limit=27})
[22916:20036:0911/192429.521:VERBOSE1:media_stream_manager.cc(1533)] MSPL::OnSpeedLimitChange({this=000063440013AD40}, {new_limit=26})
[22916:20036:0911/192437.514:VERBOSE1:media_stream_manager.cc(1533)] MSPL::OnSpeedLimitChange({this=000063440013AD40}, {new_limit=27})
[1408:2632:0911/192445.511:VERBOSE1:network_delegate.cc(36)] NetworkDelegate::NotifyBeforeURLRequest: https://optimizationguide-pa.googleapis.com/v1:GetModels?key=dummytoken
[1408:2632:0911/192445.553:VERBOSE1:tls_handshaker.cc(105)] TlsClient: Continuing handshake
[1408:2632:0911/192445.689:VERBOSE1:tls_handshaker.cc(105)] TlsClient: Continuing handshake
[1408:2632:0911/192446.215:VERBOSE1:tls_handshaker.cc(105)] TlsClient: Continuing handshake
[1408:2632:0911/192446.219:VERBOSE1:tls_handshaker.cc(126)] TlsClient: SSL_do_handshake returned when entering early data. After retry, rv=-1, SSL_in_early_data=1
[1408:2632:0911/192446.224:VERBOSE1:tls_handshaker.cc(105)] TlsClient: Continuing handshake
[1408:2632:0911/192446.225:VERBOSE1:tls_client_handshaker.cc(528)] Client: handshake finished
[22916:20036:0911/192446.518:VERBOSE1:media_stream_manager.cc(1533)] MSPL::OnSpeedLimitChange({this=000063440013AD40}, {new_limit=26})
[22916:20036:0911/192455.528:VERBOSE1:media_stream_manager.cc(1533)] MSPL::OnSpeedLimitChange({this=000063440013AD40}, {new_limit=27})
[22916:20036:0911/192511.556:VERBOSE1:media_stream_manager.cc(1533)] MSPL::OnSuspend([this=000063440013AD40])
[22916:20036:0911/192511.891:VERBOSE1:media_stream_manager.cc(1533)] MSPL::OnResume([this=000063440013AD40])
[22916:20036:0911/192512.551:VERBOSE1:media_stream_manager.cc(1533)] MSPL::OnSpeedLimitChange({this=000063440013AD40}, {new_limit=26})
[22916:20036:0911/192518.820:VERBOSE1:media_stream_manager.cc(1533)] MSPL::OnSuspend([this=000063440013AD40])
[22916:20036:0911/192518.820:VERBOSE1:media_stream_manager.cc(1533)] MSPL::OnResume([this=000063440013AD40])
[22916:20036:0911/192521.827:VERBOSE1:media_stream_manager.cc(1533)] MSPL::OnSpeedLimitChange({this=000063440013AD40}, {new_limit=27})
[22916:20036:0911/192523.835:VERBOSE1:media_stream_manager.cc(1533)] MSPL::OnSpeedLimitChange({this=000063440013AD40}, {new_limit=28})
[22916:20036:0911/192531.835:VERBOSE1:media_stream_manager.cc(1533)] MSPL::OnSpeedLimitChange({this=000063440013AD40}, {new_limit=27})
[22916:20036:0911/192553.166:VERBOSE1:media_stream_manager.cc(1533)] MSPL::OnSpeedLimitChange({this=000063440013AD40}, {new_limit=26})
[22916:20036:0911/192601.850:VERBOSE1:media_stream_manager.cc(1533)] MSPL::OnSpeedLimitChange({this=000063440013AD40}, {new_limit=27})
[22916:20036:0911/192731.208:VERBOSE1:media_stream_manager.cc(1533)] MSPL::OnSpeedLimitChange({this=000063440013AD40}, {new_limit=26})
[22916:20036:0911/192732.200:VERBOSE1:media_stream_manager.cc(1533)] MSPL::OnSpeedLimitChange({this=000063440013AD40}, {new_limit=27})
[1408:2632:0911/192736.870:VERBOSE1:network_delegate.cc(36)] NetworkDelegate::NotifyBeforeURLRequest: https://optimizationguide-pa.googleapis.com/v1:GetModels?key=dummytoken
[1408:2632:0911/192737.046:VERBOSE1:tls_handshaker.cc(105)] TlsClient: Continuing handshake
[1408:2632:0911/192737.056:VERBOSE1:tls_handshaker.cc(126)] TlsClient: SSL_do_handshake returned when entering early data. After retry, rv=-1, SSL_in_early_data=1
[1408:2632:0911/192737.172:VERBOSE1:tls_handshaker.cc(105)] TlsClient: Continuing handshake
[1408:2632:0911/192737.174:VERBOSE1:tls_handshaker.cc(105)] TlsClient: Continuing handshake
[1408:2632:0911/192737.174:VERBOSE1:tls_client_handshaker.cc(528)] Client: handshake finished
[22916:20036:0911/192754.201:VERBOSE1:media_stream_manager.cc(1533)] MSPL::OnSpeedLimitChange({this=000063440013AD40}, {new_limit=26})
[22916:20036:0911/192758.203:VERBOSE1:media_stream_manager.cc(1533)] MSPL::OnSpeedLimitChange({this=000063440013AD40}, {new_limit=27})
[22916:20036:0911/192809.223:VERBOSE1:media_stream_manager.cc(1533)] MSPL::OnSpeedLimitChange({this=000063440013AD40}, {new_limit=26})
[22916:20036:0911/192816.217:VERBOSE1:media_stream_manager.cc(1533)] MSPL::OnSpeedLimitChange({this=000063440013AD40}, {new_limit=27})
[22916:20036:0911/192825.213:VERBOSE1:media_stream_manager.cc(1533)] MSPL::OnSpeedLimitChange({this=000063440013AD40}, {new_limit=26})
[22916:20036:0911/192827.230:VERBOSE1:media_stream_manager.cc(1533)] MSPL::OnSpeedLimitChange({this=000063440013AD40}, {new_limit=27})
[22916:20036:0911/192839.215:VERBOSE1:media_stream_manager.cc(1533)] MSPL::OnSpeedLimitChange({this=000063440013AD40}, {new_limit=26})
[22916:20036:0911/192843.218:VERBOSE1:media_stream_manager.cc(1533)] MSPL::OnSpeedLimitChange({this=000063440013AD40}, {new_limit=25})
[22916:20036:0911/192846.232:VERBOSE1:media_stream_manager.cc(1533)] MSPL::OnSpeedLimitChange({this=000063440013AD40}, {new_limit=26})
[22916:20036:0911/192851.225:VERBOSE1:media_stream_manager.cc(1533)] MSPL::OnSpeedLimitChange({this=000063440013AD40}, {new_limit=27})
[22916:20036:0911/192957.232:VERBOSE1:media_stream_manager.cc(1533)] MSPL::OnSpeedLimitChange({this=000063440013AD40}, {new_limit=28})
[22916:20036:0911/193000.230:VERBOSE1:media_stream_manager.cc(1533)] MSPL::OnSpeedLimitChange({this=000063440013AD40}, {new_limit=27})
[22916:20036:0911/193010.224:VERBOSE1:media_stream_manager.cc(1533)] MSPL::OnSpeedLimitChange({this=000063440013AD40}, {new_limit=28})
[22916:20036:0911/193013.244:VERBOSE1:media_stream_manager.cc(1533)] MSPL::OnSpeedLimitChange({this=000063440013AD40}, {new_limit=27})
[22916:20036:0911/193021.230:VERBOSE1:media_stream_manager.cc(1533)] MSPL::OnSpeedLimitChange({this=000063440013AD40}, {new_limit=26})
[22916:20036:0911/193025.240:VERBOSE1:media_stream_manager.cc(1533)] MSPL::OnSpeedLimitChange({this=000063440013AD40}, {new_limit=27})
[1408:2632:0911/193029.912:VERBOSE1:network_delegate.cc(36)] NetworkDelegate::NotifyBeforeURLRequest: https://optimizationguide-pa.googleapis.com/v1:GetModels?key=dummytoken
[1408:2632:0911/193029.950:VERBOSE1:tls_handshaker.cc(105)] TlsClient: Continuing handshake
[1408:2632:0911/193029.951:VERBOSE1:tls_handshaker.cc(126)] TlsClient: SSL_do_handshake returned when entering early data. After retry, rv=-1, SSL_in_early_data=1
[1408:2632:0911/193030.063:VERBOSE1:tls_handshaker.cc(105)] TlsClient: Continuing handshake
[1408:2632:0911/193030.065:VERBOSE1:tls_handshaker.cc(105)] TlsClient: Continuing handshake
[1408:2632:0911/193030.066:VERBOSE1:tls_client_handshaker.cc(528)] Client: handshake finished
[22916:20036:0911/193043.228:VERBOSE1:media_stream_manager.cc(1533)] MSPL::OnSpeedLimitChange({this=000063440013AD40}, {new_limit=28})
[22916:20036:0911/193055.227:VERBOSE1:media_stream_manager.cc(1533)] MSPL::OnSpeedLimitChange({this=000063440013AD40}, {new_limit=27})
[22916:20036:0911/193126.240:VERBOSE1:media_stream_manager.cc(1533)] MSPL::OnSpeedLimitChange({this=000063440013AD40}, {new_limit=28})
[22916:20036:0911/193127.241:VERBOSE1:media_stream_manager.cc(1533)] MSPL::OnSpeedLimitChange({this=000063440013AD40}, {new_limit=27})
[22916:20036:0911/193149.238:VERBOSE1:media_stream_manager.cc(1533)] MSPL::OnSpeedLimitChange({this=000063440013AD40}, {new_limit=26})
[22916:20036:0911/193157.264:VERBOSE1:media_stream_manager.cc(1533)] MSPL::OnSpeedLimitChange({this=000063440013AD40}, {new_limit=27})
[22916:20036:0911/193203.257:VERBOSE1:media_stream_manager.cc(1533)] MSPL::OnSpeedLimitChange({this=000063440013AD40}, {new_limit=28})
[22916:20036:0911/193205.260:VERBOSE1:media_stream_manager.cc(1533)] MSPL::OnSpeedLimitChange({this=000063440013AD40}, {new_limit=27})
[22916:20036:0911/193215.256:VERBOSE1:media_stream_manager.cc(1533)] MSPL::OnSpeedLimitChange({this=000063440013AD40}, {new_limit=28})
[22916:20036:0911/193230.253:VERBOSE1:media_stream_manager.cc(1533)] MSPL::OnSpeedLimitChange({this=000063440013AD40}, {new_limit=27})
[22916:20036:0911/193246.249:VERBOSE1:media_stream_manager.cc(1533)] MSPL::OnSpeedLimitChange({this=000063440013AD40}, {new_limit=28})
[1408:2632:0911/193305.939:VERBOSE1:network_delegate.cc(36)] NetworkDelegate::NotifyBeforeURLRequest: https://optimizationguide-pa.googleapis.com/v1:GetModels?key=dummytoken
[1408:2632:0911/193305.972:VERBOSE1:tls_handshaker.cc(105)] TlsClient: Continuing handshake
[1408:2632:0911/193305.979:VERBOSE1:tls_handshaker.cc(126)] TlsClient: SSL_do_handshake returned when entering early data. After retry, rv=-1, SSL_in_early_data=1
[1408:2632:0911/193306.070:VERBOSE1:tls_handshaker.cc(105)] TlsClient: Continuing handshake
[1408:2632:0911/193306.071:VERBOSE1:tls_handshaker.cc(105)] TlsClient: Continuing handshake
[1408:2632:0911/193306.071:VERBOSE1:tls_client_handshaker.cc(528)] Client: handshake finished
[22916:20036:0911/193309.270:VERBOSE1:media_stream_manager.cc(1533)] MSPL::OnSpeedLimitChange({this=000063440013AD40}, {new_limit=27})
[22916:20036:0911/193324.279:VERBOSE1:media_stream_manager.cc(1533)] MSPL::OnSpeedLimitChange({this=000063440013AD40}, {new_limit=28})
[22916:20036:0911/193358.283:VERBOSE1:media_stream_manager.cc(1533)] MSPL::OnSpeedLimitChange({this=000063440013AD40}, {new_limit=27})
[22916:20036:0911/193422.285:VERBOSE1:media_stream_manager.cc(1533)] MSPL::OnSpeedLimitChange({this=000063440013AD40}, {new_limit=28})
[22916:20036:0911/193435.288:VERBOSE1:media_stream_manager.cc(1533)] MSPL::OnSpeedLimitChange({this=000063440013AD40}, {new_limit=27})
[22916:20036:0911/193445.289:VERBOSE1:media_stream_manager.cc(1533)] MSPL::OnSpeedLimitChange({this=000063440013AD40}, {new_limit=28})
[22916:20036:0911/193505.294:VERBOSE1:media_stream_manager.cc(1533)] MSPL::OnSpeedLimitChange({this=000063440013AD40}, {new_limit=27})
[22916:20036:0911/193525.302:VERBOSE1:media_stream_manager.cc(1533)] MSPL::OnSpeedLimitChange({this=000063440013AD40}, {new_limit=28})
[22916:20036:0911/193534.316:VERBOSE1:media_stream_manager.cc(1533)] MSPL::OnSpeedLimitChange({this=000063440013AD40}, {new_limit=27})
[1408:2632:0911/193543.643:VERBOSE1:network_delegate.cc(36)] NetworkDelegate::NotifyBeforeURLRequest: https://optimizationguide-pa.googleapis.com/v1:GetModels?key=dummytoken
[1408:2632:0911/193543.675:VERBOSE1:tls_handshaker.cc(105)] TlsClient: Continuing handshake
[1408:2632:0911/193543.684:VERBOSE1:tls_handshaker.cc(126)] TlsClient: SSL_do_handshake returned when entering early data. After retry, rv=-1, SSL_in_early_data=1
[1408:2632:0911/193543.771:VERBOSE1:tls_handshaker.cc(105)] TlsClient: Continuing handshake
[1408:2632:0911/193543.774:VERBOSE1:tls_handshaker.cc(105)] TlsClient: Continuing handshake
[1408:2632:0911/193543.777:VERBOSE1:tls_client_handshaker.cc(528)] Client: handshake finished
[22916:20036:0911/193552.653:VERBOSE1:media_stream_manager.cc(1533)] MSPL::OnSpeedLimitChange({this=000063440013AD40}, {new_limit=28})
[22916:20036:0911/193553.638:VERBOSE1:media_stream_manager.cc(1533)] MSPL::OnSpeedLimitChange({this=000063440013AD40}, {new_limit=27})
[22916:20036:0911/193708.678:VERBOSE1:media_stream_manager.cc(1533)] MSPL::OnSpeedLimitChange({this=000063440013AD40}, {new_limit=26})
[22916:20036:0911/193719.665:VERBOSE1:media_stream_manager.cc(1533)] MSPL::OnSpeedLimitChange({this=000063440013AD40}, {new_limit=27})
[22916:20036:0911/193720.676:VERBOSE1:media_stream_manager.cc(1533)] MSPL::OnSpeedLimitChange({this=000063440013AD40}, {new_limit=26})
[22916:20036:0911/193723.663:VERBOSE1:media_stream_manager.cc(1533)] MSPL::OnSpeedLimitChange({this=000063440013AD40}, {new_limit=27})
[22916:20036:0911/193745.685:VERBOSE1:media_stream_manager.cc(1533)] MSPL::OnSpeedLimitChange({this=000063440013AD40}, {new_limit=26})
[22916:20036:0911/193749.673:VERBOSE1:media_stream_manager.cc(1533)] MSPL::OnSpeedLimitChange({this=000063440013AD40}, {new_limit=27})
[22916:20036:0911/193750.672:VERBOSE1:media_stream_manager.cc(1533)] MSPL::OnSpeedLimitChange({this=000063440013AD40}, {new_limit=26})
[22916:20036:0911/193752.681:VERBOSE1:media_stream_manager.cc(1533)] MSPL::OnSpeedLimitChange({this=000063440013AD40}, {new_limit=27})
[1408:2632:0911/193818.347:VERBOSE1:network_delegate.cc(36)] NetworkDelegate::NotifyBeforeURLRequest: https://optimizationguide-pa.googleapis.com/v1:GetModels?key=dummytoken
[1408:2632:0911/193818.379:VERBOSE1:tls_handshaker.cc(105)] TlsClient: Continuing handshake
[1408:2632:0911/193818.383:VERBOSE1:tls_handshaker.cc(126)] TlsClient: SSL_do_handshake returned when entering early data. After retry, rv=-1, SSL_in_early_data=1
[1408:2632:0911/193818.481:VERBOSE1:tls_handshaker.cc(105)] TlsClient: Continuing handshake
[1408:2632:0911/193818.484:VERBOSE1:tls_handshaker.cc(105)] TlsClient: Continuing handshake
[1408:2632:0911/193818.485:VERBOSE1:tls_client_handshaker.cc(528)] Client: handshake finished
[22916:20036:0911/193950.687:VERBOSE1:media_stream_manager.cc(1533)] MSPL::OnSpeedLimitChange({this=000063440013AD40}, {new_limit=28})
[22916:20036:0911/194012.748:VERBOSE1:media_stream_manager.cc(1533)] video capture: VideoCaptureManager::OnScreenLocked
[22916:20036:0911/194013.689:VERBOSE1:media_stream_manager.cc(1533)] MSPL::OnSpeedLimitChange({this=000063440013AD40}, {new_limit=27})
[22916:20036:0911/194025.709:VERBOSE1:media_stream_manager.cc(1533)] MSPL::OnSpeedLimitChange({this=000063440013AD40}, {new_limit=28})
[22916:20036:0911/194038.922:VERBOSE1:media_stream_manager.cc(1533)] MSPL::OnSpeedLimitChange({this=000063440013AD40}, {new_limit=27})
[1408:2632:0911/194058.726:VERBOSE1:network_delegate.cc(36)] NetworkDelegate::NotifyBeforeURLRequest: https://optimizationguide-pa.googleapis.com/v1:GetModels?key=dummytoken
[1408:2632:0911/194058.764:VERBOSE1:tls_handshaker.cc(105)] TlsClient: Continuing handshake
[1408:2632:0911/194058.768:VERBOSE1:tls_handshaker.cc(126)] TlsClient: SSL_do_handshake returned when entering early data. After retry, rv=-1, SSL_in_early_data=1
[1408:2632:0911/194058.872:VERBOSE1:tls_handshaker.cc(105)] TlsClient: Continuing handshake
[1408:2632:0911/194058.872:VERBOSE1:tls_handshaker.cc(105)] TlsClient: Continuing handshake
[1408:2632:0911/194058.873:VERBOSE1:tls_client_handshaker.cc(528)] Client: handshake finished
[22916:20036:0911/194114.630:VERBOSE1:media_stream_manager.cc(1533)] MSPL::OnSpeedLimitChange({this=000063440013AD40}, {new_limit=26})
[22916:20036:0911/194118.649:VERBOSE1:media_stream_manager.cc(1533)] MSPL::OnSpeedLimitChange({this=000063440013AD40}, {new_limit=27})
[22916:20036:0911/194147.664:VERBOSE1:media_stream_manager.cc(1533)] MSPL::OnSpeedLimitChange({this=000063440013AD40}, {new_limit=28})
[22916:20036:0911/194156.639:VERBOSE1:media_stream_manager.cc(1533)] MSPL::OnSpeedLimitChange({this=000063440013AD40}, {new_limit=27})
[22916:20036:0911/194202.920:VERBOSE1:media_stream_manager.cc(1533)] MSPL::OnSpeedLimitChange({this=000063440013AD40}, {new_limit=26})
[22916:20036:0911/194208.942:VERBOSE1:media_stream_manager.cc(1533)] MSPL::OnSpeedLimitChange({this=000063440013AD40}, {new_limit=27})
[22916:20036:0911/194248.910:VERBOSE1:media_stream_manager.cc(1533)] MSPL::OnSpeedLimitChange({this=000063440013AD40}, {new_limit=26})
[22916:20036:0911/194300.929:VERBOSE1:media_stream_manager.cc(1533)] MSPL::OnSpeedLimitChange({this=000063440013AD40}, {new_limit=25})
[22916:20036:0911/194303.934:VERBOSE1:media_stream_manager.cc(1533)] MSPL::OnSpeedLimitChange({this=000063440013AD40}, {new_limit=26})
[22916:20036:0911/194308.938:VERBOSE1:media_stream_manager.cc(1533)] MSPL::OnSpeedLimitChange({this=000063440013AD40}, {new_limit=25})
[22916:20036:0911/194309.940:VERBOSE1:media_stream_manager.cc(1533)] MSPL::OnSpeedLimitChange({this=000063440013AD40}, {new_limit=26})
[22916:20036:0911/194315.979:VERBOSE1:media_stream_manager.cc(1533)] MSPL::OnSpeedLimitChange({this=000063440013AD40}, {new_limit=27})
[1408:2632:0911/194355.890:VERBOSE1:network_delegate.cc(36)] NetworkDelegate::NotifyBeforeURLRequest: https://optimizationguide-pa.googleapis.com/v1:GetModels?key=dummytoken
[1408:2632:0911/194355.931:VERBOSE1:tls_handshaker.cc(105)] TlsClient: Continuing handshake
[1408:2632:0911/194355.933:VERBOSE1:tls_handshaker.cc(126)] TlsClient: SSL_do_handshake returned when entering early data. After retry, rv=-1, SSL_in_early_data=1
[1408:2632:0911/194356.059:VERBOSE1:tls_handshaker.cc(105)] TlsClient: Continuing handshake
[1408:2632:0911/194356.062:VERBOSE1:tls_handshaker.cc(105)] TlsClient: Continuing handshake
[1408:2632:0911/194356.063:VERBOSE1:tls_client_handshaker.cc(528)] Client: handshake finished
[22916:20036:0911/194356.894:VERBOSE1:media_stream_manager.cc(1533)] MSPL::OnSpeedLimitChange({this=000063440013AD40}, {new_limit=26})
[22916:20036:0911/194400.899:VERBOSE1:media_stream_manager.cc(1533)] MSPL::OnSpeedLimitChange({this=000063440013AD40}, {new_limit=27})
[22916:20036:0911/194402.888:VERBOSE1:media_stream_manager.cc(1533)] MSPL::OnSpeedLimitChange({this=000063440013AD40}, {new_limit=26})
[22916:20036:0911/194404.889:VERBOSE1:media_stream_manager.cc(1533)] MSPL::OnSpeedLimitChange({this=000063440013AD40}, {new_limit=27})
[22916:20036:0911/194423.908:VERBOSE1:media_stream_manager.cc(1533)] MSPL::OnSpeedLimitChange({this=000063440013AD40}, {new_limit=28})
[22916:20036:0911/194428.974:VERBOSE1:media_stream_manager.cc(1533)] MSPL::OnSpeedLimitChange({this=000063440013AD40}, {new_limit=27})
[22916:20036:0911/194433.786:VERBOSE1:media_stream_manager.cc(1533)] MSPL::OnSpeedLimitChange({this=000063440013AD40}, {new_limit=26})
[22916:20036:0911/194438.790:VERBOSE1:media_stream_manager.cc(1533)] MSPL::OnSpeedLimitChange({this=000063440013AD40}, {new_limit=27})
[22916:20036:0911/194509.812:VERBOSE1:media_stream_manager.cc(1533)] MSPL::OnSpeedLimitChange({this=000063440013AD40}, {new_limit=28})
[22916:20036:0911/194518.970:VERBOSE1:media_stream_manager.cc(1533)] MSPL::OnSpeedLimitChange({this=000063440013AD40}, {new_limit=27})
[22916:20036:0911/194525.973:VERBOSE1:media_stream_manager.cc(1533)] MSPL::OnSpeedLimitChange({this=000063440013AD40}, {new_limit=26})
[22916:20036:0911/194528.989:VERBOSE1:media_stream_manager.cc(1533)] MSPL::OnSpeedLimitChange({this=000063440013AD40}, {new_limit=27})
[22916:20036:0911/194558.009:VERBOSE1:media_stream_manager.cc(1533)] MSPL::OnSpeedLimitChange({this=000063440013AD40}, {new_limit=28})
[22916:20036:0911/194604.002:VERBOSE1:media_stream_manager.cc(1533)] MSPL::OnSpeedLimitChange({this=000063440013AD40}, {new_limit=27})
[22916:20036:0911/194613.129:VERBOSE1:media_stream_manager.cc(1533)] MSPL::OnSpeedLimitChange({this=000063440013AD40}, {new_limit=26})
[22916:20036:0911/194618.856:VERBOSE1:media_stream_manager.cc(1533)] MSPL::OnSpeedLimitChange({this=000063440013AD40}, {new_limit=27})
[1408:2632:0911/194639.206:VERBOSE1:network_delegate.cc(36)] NetworkDelegate::NotifyBeforeURLRequest: https://optimizationguide-pa.googleapis.com/v1:GetModels?key=dummytoken
[1408:2632:0911/194639.275:VERBOSE1:tls_handshaker.cc(105)] TlsClient: Continuing handshake
[1408:2632:0911/194639.281:VERBOSE1:tls_handshaker.cc(126)] TlsClient: SSL_do_handshake returned when entering early data. After retry, rv=-1, SSL_in_early_data=1
[1408:2632:0911/194639.409:VERBOSE1:tls_handshaker.cc(105)] TlsClient: Continuing handshake
[1408:2632:0911/194639.410:VERBOSE1:tls_handshaker.cc(105)] TlsClient: Continuing handshake
[1408:2632:0911/194639.410:VERBOSE1:tls_client_handshaker.cc(528)] Client: handshake finished
[22916:20036:0911/194639.864:VERBOSE1:media_stream_manager.cc(1533)] MSPL::OnSpeedLimitChange({this=000063440013AD40}, {new_limit=28})
[22916:20036:0911/194659.929:VERBOSE1:media_stream_manager.cc(1533)] MSPL::OnSpeedLimitChange({this=000063440013AD40}, {new_limit=27})
[22916:20036:0911/194706.037:VERBOSE1:media_stream_manager.cc(1533)] MSPL::OnSpeedLimitChange({this=000063440013AD40}, {new_limit=26})
[22916:20036:0911/194711.047:VERBOSE1:media_stream_manager.cc(1533)] MSPL::OnSpeedLimitChange({this=000063440013AD40}, {new_limit=27})
[22916:20036:0911/194716.204:VERBOSE1:media_stream_manager.cc(1533)] MSPL::OnSpeedLimitChange({this=000063440013AD40}, {new_limit=26})
[22916:20036:0911/194718.873:VERBOSE1:media_stream_manager.cc(1533)] MSPL::OnSpeedLimitChange({this=000063440013AD40}, {new_limit=25})
[22916:20036:0911/194725.873:VERBOSE1:media_stream_manager.cc(1533)] MSPL::OnSpeedLimitChange({this=000063440013AD40}, {new_limit=26})
[22916:20036:0911/194728.888:VERBOSE1:media_stream_manager.cc(1533)] MSPL::OnSpeedLimitChange({this=000063440013AD40}, {new_limit=27})
[22916:20036:0911/194753.220:VERBOSE1:media_stream_manager.cc(1533)] MSPL::OnSpeedLimitChange({this=000063440013AD40}, {new_limit=26})
[22916:20036:0911/194820.246:VERBOSE1:media_stream_manager.cc(1533)] MSPL::OnSpeedLimitChange({this=000063440013AD40}, {new_limit=27})
[22916:20036:0911/194840.200:VERBOSE1:media_stream_manager.cc(1533)] MSPL::OnSpeedLimitChange({this=000063440013AD40}, {new_limit=26})
[22916:20036:0911/194853.229:VERBOSE1:media_stream_manager.cc(1533)] MSPL::OnSpeedLimitChange({this=000063440013AD40}, {new_limit=27})
[22916:20036:0911/194856.210:VERBOSE1:media_stream_manager.cc(1533)] MSPL::OnSpeedLimitChange({this=000063440013AD40}, {new_limit=26})
[22916:20036:0911/194908.226:VERBOSE1:media_stream_manager.cc(1533)] MSPL::OnSpeedLimitChange({this=000063440013AD40}, {new_limit=27})
[22916:20036:0911/194920.222:VERBOSE1:media_stream_manager.cc(1533)] MSPL::OnSpeedLimitChange({this=000063440013AD40}, {new_limit=26})
[1408:2632:0911/194925.239:VERBOSE1:network_delegate.cc(36)] NetworkDelegate::NotifyBeforeURLRequest: https://optimizationguide-pa.googleapis.com/v1:GetModels?key=dummytoken
[1408:2632:0911/194925.289:VERBOSE1:tls_handshaker.cc(105)] TlsClient: Continuing handshake
[1408:2632:0911/194925.292:VERBOSE1:tls_handshaker.cc(126)] TlsClient: SSL_do_handshake returned when entering early data. After retry, rv=-1, SSL_in_early_data=1
[1408:2632:0911/194925.427:VERBOSE1:tls_handshaker.cc(105)] TlsClient: Continuing handshake
[1408:2632:0911/194925.428:VERBOSE1:tls_handshaker.cc(105)] TlsClient: Continuing handshake
[1408:2632:0911/194925.430:VERBOSE1:tls_client_handshaker.cc(528)] Client: handshake finished
[22916:20036:0911/194939.006:VERBOSE1:media_stream_manager.cc(1533)] MSPL::OnSpeedLimitChange({this=000063440013AD40}, {new_limit=27})
[22916:20036:0911/195016.028:VERBOSE1:media_stream_manager.cc(1533)] MSPL::OnSpeedLimitChange({this=000063440013AD40}, {new_limit=28})
[22916:20036:0911/195018.556:VERBOSE1:media_stream_manager.cc(1533)] MSPL::OnSpeedLimitChange({this=000063440013AD40}, {new_limit=27})
[22916:20036:0911/195028.208:VERBOSE1:media_stream_manager.cc(1533)] MSPL::OnSpeedLimitChange({this=000063440013AD40}, {new_limit=26})
[22916:20036:0911/195030.208:VERBOSE1:media_stream_manager.cc(1533)] MSPL::OnSpeedLimitChange({this=000063440013AD40}, {new_limit=27})
[22916:20036:0911/195037.230:VERBOSE1:media_stream_manager.cc(1533)] MSPL::OnSpeedLimitChange({this=000063440013AD40}, {new_limit=26})
[22916:20036:0911/195038.219:VERBOSE1:media_stream_manager.cc(1533)] MSPL::OnSpeedLimitChange({this=000063440013AD40}, {new_limit=27})
[22916:20036:0911/195043.213:VERBOSE1:media_stream_manager.cc(1533)] MSPL::OnSpeedLimitChange({this=000063440013AD40}, {new_limit=26})
[22916:20036:0911/195044.213:VERBOSE1:media_stream_manager.cc(1533)] MSPL::OnSpeedLimitChange({this=000063440013AD40}, {new_limit=27})
[22916:20036:0911/195103.223:VERBOSE1:media_stream_manager.cc(1533)] MSPL::OnSpeedLimitChange({this=000063440013AD40}, {new_limit=28})
[22916:20036:0911/195106.236:VERBOSE1:media_stream_manager.cc(1533)] MSPL::OnSpeedLimitChange({this=000063440013AD40}, {new_limit=27})
[22916:20036:0911/195111.358:VERBOSE1:media_stream_manager.cc(1533)] MSPL::OnSpeedLimitChange({this=000063440013AD40}, {new_limit=26})
[22916:20036:0911/195121.197:VERBOSE1:media_stream_manager.cc(1533)] MSPL::OnSpeedLimitChange({this=000063440013AD40}, {new_limit=27})
[22916:20036:0911/195200.408:VERBOSE1:media_stream_manager.cc(1533)] MSPL::OnSpeedLimitChange({this=000063440013AD40}, {new_limit=26})
[1408:2632:0911/195207.414:VERBOSE1:network_delegate.cc(36)] NetworkDelegate::NotifyBeforeURLRequest: https://optimizationguide-pa.googleapis.com/v1:GetModels?key=dummytoken
[1408:2632:0911/195207.613:VERBOSE1:tls_handshaker.cc(105)] TlsClient: Continuing handshake
[1408:2632:0911/195207.616:VERBOSE1:tls_handshaker.cc(126)] TlsClient: SSL_do_handshake returned when entering early data. After retry, rv=-1, SSL_in_early_data=1
[1408:2632:0911/195207.722:VERBOSE1:tls_handshaker.cc(105)] TlsClient: Continuing handshake
[1408:2632:0911/195207.724:VERBOSE1:tls_handshaker.cc(105)] TlsClient: Continuing handshake
[1408:2632:0911/195207.725:VERBOSE1:tls_client_handshaker.cc(528)] Client: handshake finished
[22916:20036:0911/195210.436:VERBOSE1:media_stream_manager.cc(1533)] MSPL::OnSpeedLimitChange({this=000063440013AD40}, {new_limit=27})
[22916:20036:0911/195246.443:VERBOSE1:media_stream_manager.cc(1533)] MSPL::OnSpeedLimitChange({this=000063440013AD40}, {new_limit=26})
[22916:20036:0911/195247.427:VERBOSE1:media_stream_manager.cc(1533)] MSPL::OnSpeedLimitChange({this=000063440013AD40}, {new_limit=27})
[22916:20036:0911/195249.370:VERBOSE1:media_stream_manager.cc(1533)] MSPL::OnSpeedLimitChange({this=000063440013AD40}, {new_limit=26})
[22916:20036:0911/195259.142:VERBOSE1:media_stream_manager.cc(1533)] MSPL::OnSpeedLimitChange({this=000063440013AD40}, {new_limit=27})
[22916:20036:0911/195339.314:VERBOSE1:media_stream_manager.cc(1533)] MSPL::OnSpeedLimitChange({this=000063440013AD40}, {new_limit=26})
[22916:20036:0911/195349.339:VERBOSE1:media_stream_manager.cc(1533)] MSPL::OnSpeedLimitChange({this=000063440013AD40}, {new_limit=27})
[22916:20036:0911/195404.313:VERBOSE1:media_stream_manager.cc(1533)] MSPL::OnSpeedLimitChange({this=000063440013AD40}, {new_limit=28})
[22916:20036:0911/195408.319:VERBOSE1:media_stream_manager.cc(1533)] MSPL::OnSpeedLimitChange({this=000063440013AD40}, {new_limit=27})
[22916:20036:0911/195418.339:VERBOSE1:media_stream_manager.cc(1533)] MSPL::OnSpeedLimitChange({this=000063440013AD40}, {new_limit=28})
[22916:20036:0911/195424.323:VERBOSE1:media_stream_manager.cc(1533)] MSPL::OnSpeedLimitChange({this=000063440013AD40}, {new_limit=27})
[22916:20036:0911/195436.477:VERBOSE1:media_stream_manager.cc(1533)] MSPL::OnSpeedLimitChange({this=000063440013AD40}, {new_limit=26})
[1408:2632:0911/195448.160:VERBOSE1:network_delegate.cc(36)] NetworkDelegate::NotifyBeforeURLRequest: https://optimizationguide-pa.googleapis.com/v1:GetModels?key=dummytoken
[1408:2632:0911/195448.162:VERBOSE1:tls_handshaker.cc(105)] TlsClient: Continuing handshake
[1408:2632:0911/195448.253:VERBOSE1:tls_handshaker.cc(105)] TlsClient: Continuing handshake
[1408:2632:0911/195448.824:VERBOSE1:tls_handshaker.cc(105)] TlsClient: Continuing handshake
[1408:2632:0911/195448.826:VERBOSE1:tls_handshaker.cc(126)] TlsClient: SSL_do_handshake returned when entering early data. After retry, rv=-1, SSL_in_early_data=1
[1408:2632:0911/195448.828:VERBOSE1:tls_handshaker.cc(105)] TlsClient: Continuing handshake
[1408:2632:0911/195448.828:VERBOSE1:tls_client_handshaker.cc(528)] Client: handshake finished
[22916:20036:0911/195453.479:VERBOSE1:media_stream_manager.cc(1533)] MSPL::OnSpeedLimitChange({this=000063440013AD40}, {new_limit=25})
[22916:20036:0911/195456.478:VERBOSE1:media_stream_manager.cc(1533)] MSPL::OnSpeedLimitChange({this=000063440013AD40}, {new_limit=26})
[22916:20036:0911/195503.497:VERBOSE1:media_stream_manager.cc(1533)] MSPL::OnSpeedLimitChange({this=000063440013AD40}, {new_limit=27})
[22916:20036:0911/195519.321:VERBOSE1:media_stream_manager.cc(1533)] MSPL::OnSpeedLimitChange({this=000063440013AD40}, {new_limit=26})
[22916:20036:0911/195520.326:VERBOSE1:media_stream_manager.cc(1533)] MSPL::OnSpeedLimitChange({this=000063440013AD40}, {new_limit=27})
[22916:20036:0911/195521.326:VERBOSE1:media_stream_manager.cc(1533)] MSPL::OnSpeedLimitChange({this=000063440013AD40}, {new_limit=26})
[22916:20036:0911/195532.473:VERBOSE1:media_stream_manager.cc(1533)] MSPL::OnSpeedLimitChange({this=000063440013AD40}, {new_limit=27})
[22916:20036:0911/195604.493:VERBOSE1:media_stream_manager.cc(1533)] MSPL::OnSpeedLimitChange({this=000063440013AD40}, {new_limit=28})
[22916:20036:0911/195609.418:VERBOSE1:media_stream_manager.cc(1533)] MSPL::OnSpeedLimitChange({this=000063440013AD40}, {new_limit=27})
[22916:20036:0911/195615.554:VERBOSE1:media_stream_manager.cc(1533)] MSPL::OnSpeedLimitChange({this=000063440013AD40}, {new_limit=26})
[22916:20036:0911/195644.567:VERBOSE1:media_stream_manager.cc(1533)] MSPL::OnSpeedLimitChange({this=000063440013AD40}, {new_limit=27})
[22916:20036:0911/195700.953:VERBOSE1:media_stream_manager.cc(1533)] MSPL::OnSpeedLimitChange({this=000063440013AD40}, {new_limit=26})
[22916:20036:0911/195702.554:VERBOSE1:media_stream_manager.cc(1533)] MSPL::OnSpeedLimitChange({this=000063440013AD40}, {new_limit=27})
[22916:20036:0911/195704.399:VERBOSE1:media_stream_manager.cc(1533)] MSPL::OnSpeedLimitChange({this=000063440013AD40}, {new_limit=26})
[22916:20036:0911/195709.411:VERBOSE1:media_stream_manager.cc(1533)] MSPL::OnSpeedLimitChange({this=000063440013AD40}, {new_limit=27})
[22916:20036:0911/195733.426:VERBOSE1:media_stream_manager.cc(1533)] MSPL::OnSpeedLimitChange({this=000063440013AD40}, {new_limit=28})
[1408:2632:0911/195734.427:VERBOSE1:network_delegate.cc(36)] NetworkDelegate::NotifyBeforeURLRequest: https://optimizationguide-pa.googleapis.com/v1:GetModels?key=dummytoken
[1408:2632:0911/195734.476:VERBOSE1:tls_handshaker.cc(105)] TlsClient: Continuing handshake
[1408:2632:0911/195734.481:VERBOSE1:tls_handshaker.cc(126)] TlsClient: SSL_do_handshake returned when entering early data. After retry, rv=-1, SSL_in_early_data=1
[1408:2632:0911/195734.585:VERBOSE1:tls_handshaker.cc(105)] TlsClient: Continuing handshake
[1408:2632:0911/195734.587:VERBOSE1:tls_handshaker.cc(105)] TlsClient: Continuing handshake
[1408:2632:0911/195734.588:VERBOSE1:tls_client_handshaker.cc(528)] Client: handshake finished
[22916:20036:0911/195741.430:VERBOSE1:media_stream_manager.cc(1533)] MSPL::OnSpeedLimitChange({this=000063440013AD40}, {new_limit=27})
[22916:20036:0911/195750.597:VERBOSE1:media_stream_manager.cc(1533)] MSPL::OnSpeedLimitChange({this=000063440013AD40}, {new_limit=26})
[22916:20036:0911/195807.637:VERBOSE1:media_stream_manager.cc(1533)] MSPL::OnSpeedLimitChange({this=000063440013AD40}, {new_limit=25})
[22916:20036:0911/195808.634:VERBOSE1:media_stream_manager.cc(1533)] MSPL::OnSpeedLimitChange({this=000063440013AD40}, {new_limit=26})
[22916:20036:0911/195820.662:VERBOSE1:media_stream_manager.cc(1533)] MSPL::OnSpeedLimitChange({this=000063440013AD40}, {new_limit=27})
[22916:20036:0911/195820.827:VERBOSE1:media_stream_manager.cc(1533)] video capture: VideoCaptureManager::OnScreenUnlocked
[22916:20036:0911/195821.633:VERBOSE1:media_stream_manager.cc(1533)] MSPL::OnSpeedLimitChange({this=000063440013AD40}, {new_limit=26})
[22916:20036:0911/195829.635:VERBOSE1:media_stream_manager.cc(1533)] MSPL::OnSpeedLimitChange({this=000063440013AD40}, {new_limit=25})
[22916:20036:0911/195841.649:VERBOSE1:media_stream_manager.cc(1533)] MSPL::OnSpeedLimitChange({this=000063440013AD40}, {new_limit=26})
[22916:20036:0911/195844.664:VERBOSE1:media_stream_manager.cc(1533)] MSPL::OnSpeedLimitChange({this=000063440013AD40}, {new_limit=27})
[22916:20036:0911/195849.668:VERBOSE1:media_stream_manager.cc(1533)] MSPL::OnSpeedLimitChange({this=000063440013AD40}, {new_limit=26})
[22916:20036:0911/195858.641:VERBOSE1:media_stream_manager.cc(1533)] MSPL::OnSpeedLimitChange({this=000063440013AD40}, {new_limit=27})
[22916:20036:0911/195918.646:VERBOSE1:media_stream_manager.cc(1533)] MSPL::OnSpeedLimitChange({this=000063440013AD40}, {new_limit=26})
[22916:20036:0911/195920.657:VERBOSE1:media_stream_manager.cc(1533)] MSPL::OnSpeedLimitChange({this=000063440013AD40}, {new_limit=27})
[22916:20036:0911/195927.646:VERBOSE1:media_stream_manager.cc(1533)] MSPL::OnSpeedLimitChange({this=000063440013AD40}, {new_limit=26})
[22916:20036:0911/195931.648:VERBOSE1:media_stream_manager.cc(1533)] MSPL::OnSpeedLimitChange({this=000063440013AD40}, {new_limit=25})
[22916:20036:0911/195937.678:VERBOSE1:media_stream_manager.cc(1533)] MSPL::OnSpeedLimitChange({this=000063440013AD40}, {new_limit=26})
[22916:20036:0911/195941.662:VERBOSE1:media_stream_manager.cc(1533)] MSPL::OnSpeedLimitChange({this=000063440013AD40}, {new_limit=27})
[22916:20036:0911/195949.657:VERBOSE1:media_stream_manager.cc(1533)] MSPL::OnSpeedLimitChange({this=000063440013AD40}, {new_limit=26})
[22916:20036:0911/195956.653:VERBOSE1:media_stream_manager.cc(1533)] MSPL::OnSpeedLimitChange({this=000063440013AD40}, {new_limit=25})
[22916:20036:0911/195959.658:VERBOSE1:media_stream_manager.cc(1533)] MSPL::OnSpeedLimitChange({this=000063440013AD40}, {new_limit=26})
[22916:20036:0911/200008.656:VERBOSE1:media_stream_manager.cc(1533)] MSPL::OnSpeedLimitChange({this=000063440013AD40}, {new_limit=27})
[1408:2632:0911/200013.017:VERBOSE1:network_delegate.cc(36)] NetworkDelegate::NotifyBeforeURLRequest: https://optimizationguide-pa.googleapis.com/v1:GetModels?key=dummytoken
[1408:2632:0911/200013.058:VERBOSE1:tls_handshaker.cc(105)] TlsClient: Continuing handshake
[1408:2632:0911/200013.060:VERBOSE1:tls_handshaker.cc(126)] TlsClient: SSL_do_handshake returned when entering early data. After retry, rv=-1, SSL_in_early_data=1
[1408:2632:0911/200013.160:VERBOSE1:tls_handshaker.cc(105)] TlsClient: Continuing handshake
[1408:2632:0911/200013.161:VERBOSE1:tls_handshaker.cc(105)] TlsClient: Continuing handshake
[1408:2632:0911/200013.161:VERBOSE1:tls_client_handshaker.cc(528)] Client: handshake finished
[22916:20036:0911/200045.664:VERBOSE1:media_stream_manager.cc(1533)] MSPL::OnSpeedLimitChange({this=000063440013AD40}, {new_limit=26})
[22916:20036:0911/200046.663:VERBOSE1:media_stream_manager.cc(1533)] MSPL::OnSpeedLimitChange({this=000063440013AD40}, {new_limit=27})
[22916:20036:0911/200047.667:VERBOSE1:media_stream_manager.cc(1533)] MSPL::OnSpeedLimitChange({this=000063440013AD40}, {new_limit=26})
[22916:20036:0911/200052.689:VERBOSE1:media_stream_manager.cc(1533)] MSPL::OnSpeedLimitChange({this=000063440013AD40}, {new_limit=27})
[22916:1804:0911/200058.248:VERBOSE1:device_event_log_impl.cc(198)] [20:00:58.248] Display: EVENT: screen_win.cc:893 Displays updated, count: 1
[22916:1804:0911/200058.248:VERBOSE1:device_event_log_impl.cc(198)] [20:00:58.248] Display: EVENT: screen_win.cc:895 Display[695197902] bounds=[0,0 1536x864], workarea=[0,0 1536x816], scale=1.25, rotation=0, panel_rotation=0 external detected
[22916:20036:0911/200100.524:VERBOSE1:media_stream_manager.cc(1533)] MSPL::OnSpeedLimitChange({this=000063440013AD40}, {new_limit=26})
[22916:20036:0911/200102.520:VERBOSE1:media_stream_manager.cc(1533)] MSPL::OnSpeedLimitChange({this=000063440013AD40}, {new_limit=25})
[22916:20036:0911/200104.520:VERBOSE1:media_stream_manager.cc(1533)] MSPL::OnSpeedLimitChange({this=000063440013AD40}, {new_limit=24})
[22916:20036:0911/200107.522:VERBOSE1:media_stream_manager.cc(1533)] MSPL::OnSpeedLimitChange({this=000063440013AD40}, {new_limit=23})
[22916:20036:0911/200119.772:VERBOSE1:media_stream_manager.cc(1533)] MSPL::OnSpeedLimitChange({this=000063440013AD40}, {new_limit=24})
[22916:20036:0911/200121.779:VERBOSE1:media_stream_manager.cc(1533)] MSPL::OnSpeedLimitChange({this=000063440013AD40}, {new_limit=25})
[22916:20036:0911/200124.782:VERBOSE1:media_stream_manager.cc(1533)] MSPL::OnSpeedLimitChange({this=000063440013AD40}, {new_limit=26})
[22916:1804:0911/200128.070:VERBOSE1:device_event_log_impl.cc(198)] [20:01:28.070] Display: EVENT: screen_win.cc:893 Displays updated, count: 1
[22916:1804:0911/200128.070:VERBOSE1:device_event_log_impl.cc(198)] [20:01:28.070] Display: EVENT: screen_win.cc:895 Display[695197902] bounds=[0,0 1536x864], workarea=[0,0 1536x816], scale=1.25, rotation=0, panel_rotation=0 external detected
[22916:20036:0911/200129.539:VERBOSE1:media_stream_manager.cc(1533)] MSPL::OnSpeedLimitChange({this=000063440013AD40}, {new_limit=25})
[22916:20036:0911/200134.758:VERBOSE1:media_stream_manager.cc(1533)] MSPL::OnSpeedLimitChange({this=000063440013AD40}, {new_limit=24})
[22916:1804:0911/200135.809:VERBOSE1:device_event_log_impl.cc(198)] [20:01:35.809] Display: EVENT: screen_win.cc:893 Displays updated, count: 1
[22916:1804:0911/200135.809:VERBOSE1:device_event_log_impl.cc(198)] [20:01:35.809] Display: EVENT: screen_win.cc:895 Display[695197902] bounds=[0,0 1536x864], workarea=[0,0 1536x816], scale=1.25, rotation=0, panel_rotation=0 external detected
[22916:20036:0911/200137.545:VERBOSE1:media_stream_manager.cc(1533)] MSPL::OnSpeedLimitChange({this=000063440013AD40}, {new_limit=23})
[22916:20036:0911/200142.550:VERBOSE1:media_stream_manager.cc(1533)] MSPL::OnSpeedLimitChange({this=000063440013AD40}, {new_limit=22})
[22916:20036:0911/200145.551:VERBOSE1:media_stream_manager.cc(1533)] MSPL::OnSpeedLimitChange({this=000063440013AD40}, {new_limit=21})
[22916:20036:0911/200146.538:VERBOSE1:media_stream_manager.cc(1533)] MSPL::OnSpeedLimitChange({this=000063440013AD40}, {new_limit=22})
[22916:20036:0911/200151.708:VERBOSE1:media_stream_manager.cc(1533)] MSPL::OnSpeedLimitChange({this=000063440013AD40}, {new_limit=23})
[22916:20036:0911/200155.708:VERBOSE1:media_stream_manager.cc(1533)] MSPL::OnSpeedLimitChange({this=000063440013AD40}, {new_limit=24})
[22916:20036:0911/200157.722:VERBOSE1:media_stream_manager.cc(1533)] MSPL::OnSpeedLimitChange({this=000063440013AD40}, {new_limit=25})
[22916:20036:0911/200159.712:VERBOSE1:media_stream_manager.cc(1533)] MSPL::OnSpeedLimitChange({this=000063440013AD40}, {new_limit=26})
[22916:20036:0911/200203.720:VERBOSE1:media_stream_manager.cc(1533)] MSPL::OnSpeedLimitChange({this=000063440013AD40}, {new_limit=27})
[22916:20036:0911/200211.717:VERBOSE1:media_stream_manager.cc(1533)] MSPL::OnSpeedLimitChange({this=000063440013AD40}, {new_limit=28})
[22916:20036:0911/200216.722:VERBOSE1:media_stream_manager.cc(1533)] MSPL::OnSpeedLimitChange({this=000063440013AD40}, {new_limit=27})
[1408:2632:0911/200250.058:VERBOSE1:network_delegate.cc(36)] NetworkDelegate::NotifyBeforeURLRequest: https://optimizationguide-pa.googleapis.com/v1:GetModels?key=dummytoken
[1408:2632:0911/200250.090:VERBOSE1:tls_handshaker.cc(105)] TlsClient: Continuing handshake
[1408:2632:0911/200250.097:VERBOSE1:tls_handshaker.cc(126)] TlsClient: SSL_do_handshake returned when entering early data. After retry, rv=-1, SSL_in_early_data=1
[1408:2632:0911/200250.202:VERBOSE1:tls_handshaker.cc(105)] TlsClient: Continuing handshake
[1408:2632:0911/200250.203:VERBOSE1:tls_handshaker.cc(105)] TlsClient: Continuing handshake
[1408:2632:0911/200250.204:VERBOSE1:tls_client_handshaker.cc(528)] Client: handshake finished
[22916:20036:0911/200318.739:VERBOSE1:media_stream_manager.cc(1533)] MSPL::OnSpeedLimitChange({this=000063440013AD40}, {new_limit=26})
[22916:20036:0911/200326.735:VERBOSE1:media_stream_manager.cc(1533)] MSPL::OnSpeedLimitChange({this=000063440013AD40}, {new_limit=27})
[22916:20036:0911/200327.752:VERBOSE1:media_stream_manager.cc(1533)] MSPL::OnSpeedLimitChange({this=000063440013AD40}, {new_limit=26})
[22916:20036:0911/200328.739:VERBOSE1:media_stream_manager.cc(1533)] MSPL::OnSpeedLimitChange({this=000063440013AD40}, {new_limit=27})
[22916:20036:0911/200426.756:VERBOSE1:media_stream_manager.cc(1533)] MSPL::OnSpeedLimitChange({this=000063440013AD40}, {new_limit=26})
[22916:20036:0911/200427.745:VERBOSE1:media_stream_manager.cc(1533)] MSPL::OnSpeedLimitChange({this=000063440013AD40}, {new_limit=27})
[22916:1804:0911/200435.534:VERBOSE1:device_event_log_impl.cc(198)] [20:04:35.534] Display: EVENT: screen_win.cc:893 Displays updated, count: 1
[22916:1804:0911/200435.534:VERBOSE1:device_event_log_impl.cc(198)] [20:04:35.534] Display: EVENT: screen_win.cc:895 Display[695197902] bounds=[0,0 1536x864], workarea=[0,0 1536x816], scale=1.25, rotation=0, panel_rotation=0 external detected
[22916:20036:0911/200435.740:VERBOSE1:media_stream_manager.cc(1533)] MSPL::OnSpeedLimitChange({this=000063440013AD40}, {new_limit=26})
[22916:20036:0911/200437.682:VERBOSE1:media_stream_manager.cc(1533)] MSPL::OnSpeedLimitChange({this=000063440013AD40}, {new_limit=25})
[22916:20036:0911/200442.718:VERBOSE1:media_stream_manager.cc(1533)] MSPL::OnSpeedLimitChange({this=000063440013AD40}, {new_limit=24})
[22916:20036:0911/200443.721:VERBOSE1:media_stream_manager.cc(1533)] MSPL::OnSpeedLimitChange({this=000063440013AD40}, {new_limit=25})
[22916:20036:0911/200446.732:VERBOSE1:media_stream_manager.cc(1533)] MSPL::OnSpeedLimitChange({this=000063440013AD40}, {new_limit=26})
[22916:20036:0911/200447.746:VERBOSE1:media_stream_manager.cc(1533)] MSPL::OnSpeedLimitChange({this=000063440013AD40}, {new_limit=27})
[22916:20036:0911/200457.721:VERBOSE1:media_stream_manager.cc(1533)] MSPL::OnSpeedLimitChange({this=000063440013AD40}, {new_limit=26})
[22916:1804:0911/200501.300:VERBOSE1:device_event_log_impl.cc(198)] [20:05:01.300] Display: EVENT: screen_win.cc:893 Displays updated, count: 1
[22916:1804:0911/200501.300:VERBOSE1:device_event_log_impl.cc(198)] [20:05:01.300] Display: EVENT: screen_win.cc:895 Display[695197902] bounds=[0,0 1536x864], workarea=[0,0 1536x816], scale=1.25, rotation=0, panel_rotation=0 external detected
[22916:20036:0911/200503.710:VERBOSE1:media_stream_manager.cc(1533)] MSPL::OnSpeedLimitChange({this=000063440013AD40}, {new_limit=25})
[22916:20036:0911/200513.923:VERBOSE1:media_stream_manager.cc(1533)] MSPL::OnSpeedLimitChange({this=000063440013AD40}, {new_limit=26})
[22916:20036:0911/200521.933:VERBOSE1:media_stream_manager.cc(1533)] MSPL::OnSpeedLimitChange({this=000063440013AD40}, {new_limit=27})
[22916:20036:0911/200522.926:VERBOSE1:media_stream_manager.cc(1533)] MSPL::OnSpeedLimitChange({this=000063440013AD40}, {new_limit=26})
[22916:20036:0911/200523.925:VERBOSE1:media_stream_manager.cc(1533)] MSPL::OnSpeedLimitChange({this=000063440013AD40}, {new_limit=27})
[22916:20036:0911/200525.941:VERBOSE1:media_stream_manager.cc(1533)] MSPL::OnSpeedLimitChange({this=000063440013AD40}, {new_limit=26})
[22916:1804:0911/200530.479:VERBOSE1:device_event_log_impl.cc(198)] [20:05:30.479] Display: EVENT: screen_win.cc:893 Displays updated, count: 1
[22916:1804:0911/200530.479:VERBOSE1:device_event_log_impl.cc(198)] [20:05:30.479] Display: EVENT: screen_win.cc:895 Display[695197902] bounds=[0,0 1536x864], workarea=[0,0 1536x816], scale=1.25, rotation=0, panel_rotation=0 external detected
[22916:1804:0911/200533.400:VERBOSE1:device_event_log_impl.cc(198)] [20:05:33.400] Display: EVENT: screen_win.cc:893 Displays updated, count: 1
[22916:1804:0911/200533.400:VERBOSE1:device_event_log_impl.cc(198)] [20:05:33.400] Display: EVENT: screen_win.cc:895 Display[695197902] bounds=[0,0 1536x864], workarea=[0,0 1536x816], scale=1.25, rotation=0, panel_rotation=0 external detected
[22916:20036:0911/200534.770:VERBOSE1:media_stream_manager.cc(1533)] MSPL::OnSpeedLimitChange({this=000063440013AD40}, {new_limit=25})
[22916:1804:0911/200536.108:VERBOSE1:device_event_log_impl.cc(198)] [20:05:36.108] Display: EVENT: screen_win.cc:893 Displays updated, count: 1
[22916:1804:0911/200536.108:VERBOSE1:device_event_log_impl.cc(198)] [20:05:36.108] Display: EVENT: screen_win.cc:895 Display[695197902] bounds=[0,0 1536x864], workarea=[0,0 1536x816], scale=1.25, rotation=0, panel_rotation=0 external detected
[22916:20036:0911/200536.736:VERBOSE1:media_stream_manager.cc(1533)] MSPL::OnSpeedLimitChange({this=000063440013AD40}, {new_limit=26})
[22916:20036:0911/200537.719:VERBOSE1:media_stream_manager.cc(1533)] MSPL::OnSpeedLimitChange({this=000063440013AD40}, {new_limit=25})
[22916:20036:0911/200539.876:VERBOSE1:media_stream_manager.cc(1533)] MSPL::OnSpeedLimitChange({this=000063440013AD40}, {new_limit=26})
[22916:20036:0911/200543.871:VERBOSE1:media_stream_manager.cc(1533)] MSPL::OnSpeedLimitChange({this=000063440013AD40}, {new_limit=27})
[1408:2632:0911/200546.540:VERBOSE1:network_delegate.cc(36)] NetworkDelegate::NotifyBeforeURLRequest: https://optimizationguide-pa.googleapis.com/v1:GetModels?key=dummytoken
[1408:2632:0911/200546.618:VERBOSE1:tls_handshaker.cc(105)] TlsClient: Continuing handshake
[1408:2632:0911/200546.619:VERBOSE1:tls_handshaker.cc(126)] TlsClient: SSL_do_handshake returned when entering early data. After retry, rv=-1, SSL_in_early_data=1
[1408:2632:0911/200546.926:VERBOSE1:tls_handshaker.cc(105)] TlsClient: Continuing handshake
[1408:2632:0911/200546.926:VERBOSE1:tls_handshaker.cc(105)] TlsClient: Continuing handshake
[1408:2632:0911/200546.926:VERBOSE1:tls_client_handshaker.cc(625)] 0-RTT handshake attempted but was rejected by the server
[1408:2632:0911/200546.926:VERBOSE1:tls_handshaker.cc(105)] TlsClient: Continuing handshake
[1408:2632:0911/200546.926:VERBOSE1:tls_handshaker.cc(105)] TlsClient: Continuing handshake
[1408:2632:0911/200546.926:VERBOSE1:tls_handshaker.cc(105)] TlsClient: Continuing handshake
[1408:2632:0911/200546.926:VERBOSE1:tls_handshaker.cc(105)] TlsClient: Continuing handshake
[1408:2632:0911/200547.543:VERBOSE1:tls_handshaker.cc(105)] TlsClient: Continuing handshake
[1408:2632:0911/200547.543:VERBOSE1:tls_client_handshaker.cc(528)] Client: handshake finished
[22916:1804:0911/200554.261:VERBOSE1:device_event_log_impl.cc(198)] [20:05:54.260] Display: EVENT: screen_win.cc:893 Displays updated, count: 1
[22916:1804:0911/200554.261:VERBOSE1:device_event_log_impl.cc(198)] [20:05:54.260] Display: EVENT: screen_win.cc:895 Display[695197902] bounds=[0,0 1536x864], workarea=[0,0 1536x816], scale=1.25, rotation=0, panel_rotation=0 external detected
[22916:20036:0911/200556.732:VERBOSE1:media_stream_manager.cc(1533)] MSPL::OnSpeedLimitChange({this=000063440013AD40}, {new_limit=26})
[22916:20036:0911/200600.737:VERBOSE1:media_stream_manager.cc(1533)] MSPL::OnSpeedLimitChange({this=000063440013AD40}, {new_limit=25})
[22916:20036:0911/200605.734:VERBOSE1:media_stream_manager.cc(1533)] MSPL::OnSpeedLimitChange({this=000063440013AD40}, {new_limit=24})
[22916:20036:0911/200628.763:VERBOSE1:media_stream_manager.cc(1533)] MSPL::OnSpeedLimitChange({this=000063440013AD40}, {new_limit=23})
[22916:20036:0911/200632.763:VERBOSE1:media_stream_manager.cc(1533)] MSPL::OnSpeedLimitChange({this=000063440013AD40}, {new_limit=24})
[22916:20036:0911/200635.763:VERBOSE1:media_stream_manager.cc(1533)] MSPL::OnSpeedLimitChange({this=000063440013AD40}, {new_limit=23})
[22916:20036:0911/200638.760:VERBOSE1:media_stream_manager.cc(1533)] MSPL::OnSpeedLimitChange({this=000063440013AD40}, {new_limit=24})
[22916:20036:0911/200645.938:VERBOSE1:media_stream_manager.cc(1533)] MSPL::OnSpeedLimitChange({this=000063440013AD40}, {new_limit=25})
[22916:20036:0911/200648.941:VERBOSE1:media_stream_manager.cc(1533)] MSPL::OnSpeedLimitChange({this=000063440013AD40}, {new_limit=26})
[22916:20036:0911/200651.938:VERBOSE1:media_stream_manager.cc(1533)] MSPL::OnSpeedLimitChange({this=000063440013AD40}, {new_limit=27})
[22916:20036:0911/200700.937:VERBOSE1:media_stream_manager.cc(1533)] MSPL::OnSpeedLimitChange({this=000063440013AD40}, {new_limit=26})
[22916:20036:0911/200710.945:VERBOSE1:media_stream_manager.cc(1533)] MSPL::OnSpeedLimitChange({this=000063440013AD40}, {new_limit=27})
[22916:1804:0911/200734.702:VERBOSE1:device_event_log_impl.cc(198)] [20:07:34.702] Display: EVENT: screen_win.cc:893 Displays updated, count: 1
[22916:1804:0911/200734.702:VERBOSE1:device_event_log_impl.cc(198)] [20:07:34.703] Display: EVENT: screen_win.cc:895 Display[695197902] bounds=[0,0 1536x864], workarea=[0,0 1536x816], scale=1.25, rotation=0, panel_rotation=0 external detected
[22916:20036:0911/200736.810:VERBOSE1:media_stream_manager.cc(1533)] MSPL::OnSpeedLimitChange({this=000063440013AD40}, {new_limit=26})
[22916:20036:0911/200738.806:VERBOSE1:media_stream_manager.cc(1533)] MSPL::OnSpeedLimitChange({this=000063440013AD40}, {new_limit=25})
[22916:20036:0911/200740.804:VERBOSE1:media_stream_manager.cc(1533)] MSPL::OnSpeedLimitChange({this=000063440013AD40}, {new_limit=24})
[22916:20036:0911/200742.802:VERBOSE1:media_stream_manager.cc(1533)] MSPL::OnSpeedLimitChange({this=000063440013AD40}, {new_limit=23})
[22916:20036:0911/200744.817:VERBOSE1:media_stream_manager.cc(1533)] MSPL::OnSpeedLimitChange({this=000063440013AD40}, {new_limit=22})
[22916:20036:0911/200753.812:VERBOSE1:media_stream_manager.cc(1533)] MSPL::OnSpeedLimitChange({this=000063440013AD40}, {new_limit=23})
[22916:20036:0911/200814.016:VERBOSE1:media_stream_manager.cc(1533)] MSPL::OnSpeedLimitChange({this=000063440013AD40}, {new_limit=24})
[22916:1804:0911/200816.496:VERBOSE1:device_event_log_impl.cc(198)] [20:08:16.496] Display: EVENT: screen_win.cc:893 Displays updated, count: 1
[22916:1804:0911/200816.496:VERBOSE1:device_event_log_impl.cc(198)] [20:08:16.496] Display: EVENT: screen_win.cc:895 Display[695197902] bounds=[0,0 1536x864], workarea=[0,0 1536x816], scale=1.25, rotation=0, panel_rotation=0 external detected
[22916:1804:0911/200818.265:VERBOSE1:device_event_log_impl.cc(198)] [20:08:18.265] Display: EVENT: screen_win.cc:893 Displays updated, count: 1
[22916:1804:0911/200818.265:VERBOSE1:device_event_log_impl.cc(198)] [20:08:18.265] Display: EVENT: screen_win.cc:895 Display[695197902] bounds=[0,0 1536x864], workarea=[0,0 1536x816], scale=1.25, rotation=0, panel_rotation=0 external detected
[22916:20036:0911/200820.009:VERBOSE1:media_stream_manager.cc(1533)] MSPL::OnSpeedLimitChange({this=000063440013AD40}, {new_limit=25})
[22916:1804:0911/200820.071:VERBOSE1:device_event_log_impl.cc(198)] [20:08:20.071] Display: EVENT: screen_win.cc:893 Displays updated, count: 1
[22916:1804:0911/200820.072:VERBOSE1:device_event_log_impl.cc(198)] [20:08:20.072] Display: EVENT: screen_win.cc:895 Display[695197902] bounds=[0,0 1536x864], workarea=[0,0 1536x816], scale=1.25, rotation=0, panel_rotation=0 external detected
[22916:20036:0911/200828.019:VERBOSE1:media_stream_manager.cc(1533)] MSPL::OnSpeedLimitChange({this=000063440013AD40}, {new_limit=26})
[1408:2632:0911/200828.686:VERBOSE1:network_delegate.cc(36)] NetworkDelegate::NotifyBeforeURLRequest: https://optimizationguide-pa.googleapis.com/v1:GetModels?key=dummytoken
[1408:2632:0911/200828.763:VERBOSE1:tls_handshaker.cc(105)] TlsClient: Continuing handshake
[1408:2632:0911/200828.763:VERBOSE1:tls_handshaker.cc(126)] TlsClient: SSL_do_handshake returned when entering early data. After retry, rv=-1, SSL_in_early_data=1
[1408:2632:0911/200828.816:VERBOSE1:tls_handshaker.cc(105)] TlsClient: Continuing handshake
[1408:2632:0911/200828.846:VERBOSE1:tls_handshaker.cc(105)] TlsClient: Continuing handshake
[1408:2632:0911/200828.846:VERBOSE1:tls_client_handshaker.cc(625)] 0-RTT handshake attempted but was rejected by the server
[1408:2632:0911/200828.846:VERBOSE1:tls_handshaker.cc(105)] TlsClient: Continuing handshake
[1408:2632:0911/200828.846:VERBOSE1:tls_handshaker.cc(105)] TlsClient: Continuing handshake
[1408:2632:0911/200828.846:VERBOSE1:tls_client_handshaker.cc(528)] Client: handshake finished
[22916:20036:0911/200831.022:VERBOSE1:media_stream_manager.cc(1533)] MSPL::OnSpeedLimitChange({this=000063440013AD40}, {new_limit=27})
[22916:1804:0911/200835.143:VERBOSE1:device_event_log_impl.cc(198)] [20:08:35.143] Display: EVENT: screen_win.cc:893 Displays updated, count: 1
[22916:1804:0911/200835.144:VERBOSE1:device_event_log_impl.cc(198)] [20:08:35.144] Display: EVENT: screen_win.cc:895 Display[695197902] bounds=[0,0 1536x864], workarea=[0,0 1536x816], scale=1.25, rotation=0, panel_rotation=0 external detected
[22916:20036:0911/200835.857:VERBOSE1:media_stream_manager.cc(1533)] MSPL::OnSpeedLimitChange({this=000063440013AD40}, {new_limit=26})
[22916:20036:0911/200837.851:VERBOSE1:media_stream_manager.cc(1533)] MSPL::OnSpeedLimitChange({this=000063440013AD40}, {new_limit=25})
[22916:20036:0911/200845.003:VERBOSE1:media_stream_manager.cc(1533)] MSPL::OnSpeedLimitChange({this=000063440013AD40}, {new_limit=26})
[22916:20036:0911/200847.016:VERBOSE1:media_stream_manager.cc(1533)] MSPL::OnSpeedLimitChange({this=000063440013AD40}, {new_limit=27})
[22916:20036:0911/200850.019:VERBOSE1:media_stream_manager.cc(1533)] MSPL::OnSpeedLimitChange({this=000063440013AD40}, {new_limit=28})
[22916:20036:0911/200901.007:VERBOSE1:media_stream_manager.cc(1533)] MSPL::OnSpeedLimitChange({this=000063440013AD40}, {new_limit=27})
[22916:20036:0911/200915.004:VERBOSE1:media_stream_manager.cc(1533)] MSPL::OnSpeedLimitChange({this=000063440013AD40}, {new_limit=28})
[22916:20036:0911/200917.004:VERBOSE1:media_stream_manager.cc(1533)] MSPL::OnSpeedLimitChange({this=000063440013AD40}, {new_limit=27})
[22916:20036:0911/200924.009:VERBOSE1:media_stream_manager.cc(1533)] MSPL::OnSpeedLimitChange({this=000063440013AD40}, {new_limit=26})
[22916:20036:0911/200933.025:VERBOSE1:media_stream_manager.cc(1533)] MSPL::OnSpeedLimitChange({this=000063440013AD40}, {new_limit=27})
[22916:1804:0911/201014.892:VERBOSE1:device_event_log_impl.cc(198)] [20:10:14.892] Display: EVENT: screen_win.cc:893 Displays updated, count: 1
[22916:1804:0911/201014.892:VERBOSE1:device_event_log_impl.cc(198)] [20:10:14.892] Display: EVENT: screen_win.cc:895 Display[695197902] bounds=[0,0 1536x864], workarea=[0,0 1536x816], scale=1.25, rotation=0, panel_rotation=0 external detected
[22916:20036:0911/201015.919:VERBOSE1:media_stream_manager.cc(1533)] MSPL::OnSpeedLimitChange({this=000063440013AD40}, {new_limit=26})
[22916:20036:0911/201019.051:VERBOSE1:media_stream_manager.cc(1533)] MSPL::OnSpeedLimitChange({this=000063440013AD40}, {new_limit=25})
[22916:20036:0911/201026.054:VERBOSE1:media_stream_manager.cc(1533)] MSPL::OnSpeedLimitChange({this=000063440013AD40}, {new_limit=26})
[22916:20036:0911/201029.054:VERBOSE1:media_stream_manager.cc(1533)] MSPL::OnSpeedLimitChange({this=000063440013AD40}, {new_limit=27})
[22916:1804:0911/201041.648:VERBOSE1:device_event_log_impl.cc(198)] [20:10:41.649] Display: EVENT: screen_win.cc:893 Displays updated, count: 1
[22916:1804:0911/201041.648:VERBOSE1:device_event_log_impl.cc(198)] [20:10:41.649] Display: EVENT: screen_win.cc:895 Display[695197902] bounds=[0,0 1536x864], workarea=[0,0 1536x816], scale=1.25, rotation=0, panel_rotation=0 external detected
[22916:20036:0911/201044.021:VERBOSE1:media_stream_manager.cc(1533)] MSPL::OnSpeedLimitChange({this=000063440013AD40}, {new_limit=26})
[22916:20036:0911/201047.020:VERBOSE1:media_stream_manager.cc(1533)] MSPL::OnSpeedLimitChange({this=000063440013AD40}, {new_limit=25})
[22916:20036:0911/201049.024:VERBOSE1:media_stream_manager.cc(1533)] MSPL::OnSpeedLimitChange({this=000063440013AD40}, {new_limit=24})
[22916:20036:0911/201052.036:VERBOSE1:media_stream_manager.cc(1533)] MSPL::OnSpeedLimitChange({this=000063440013AD40}, {new_limit=23})
[22916:20036:0911/201056.031:VERBOSE1:media_stream_manager.cc(1533)] MSPL::OnSpeedLimitChange({this=000063440013AD40}, {new_limit=24})
[22916:20036:0911/201104.171:VERBOSE1:media_stream_manager.cc(1533)] MSPL::OnSpeedLimitChange({this=000063440013AD40}, {new_limit=25})
[22916:1804:0911/201105.060:VERBOSE1:device_event_log_impl.cc(198)] [20:11:05.060] Display: EVENT: screen_win.cc:893 Displays updated, count: 1
[22916:1804:0911/201105.060:VERBOSE1:device_event_log_impl.cc(198)] [20:11:05.060] Display: EVENT: screen_win.cc:895 Display[695197902] bounds=[0,0 1536x864], workarea=[0,0 1536x816], scale=1.25, rotation=0, panel_rotation=0 external detected
[22916:20036:0911/201116.271:VERBOSE1:media_stream_manager.cc(1533)] MSPL::OnSpeedLimitChange({this=000063440013AD40}, {new_limit=26})
[22916:20036:0911/201120.274:VERBOSE1:media_stream_manager.cc(1533)] MSPL::OnSpeedLimitChange({this=000063440013AD40}, {new_limit=27})
[1408:2632:0911/201122.612:VERBOSE1:network_delegate.cc(36)] NetworkDelegate::NotifyBeforeURLRequest: https://optimizationguide-pa.googleapis.com/v1:GetModels?key=dummytoken
[1408:2632:0911/201122.645:VERBOSE1:tls_handshaker.cc(105)] TlsClient: Continuing handshake
[1408:2632:0911/201122.645:VERBOSE1:tls_handshaker.cc(126)] TlsClient: SSL_do_handshake returned when entering early data. After retry, rv=-1, SSL_in_early_data=1
[1408:2632:0911/201122.740:VERBOSE1:tls_handshaker.cc(105)] TlsClient: Continuing handshake
[1408:2632:0911/201122.740:VERBOSE1:tls_handshaker.cc(105)] TlsClient: Continuing handshake
[1408:2632:0911/201122.740:VERBOSE1:tls_client_handshaker.cc(528)] Client: handshake finished
[22916:1804:0911/201123.434:VERBOSE1:device_event_log_impl.cc(198)] [20:11:23.434] Display: EVENT: screen_win.cc:893 Displays updated, count: 1
[22916:1804:0911/201123.434:VERBOSE1:device_event_log_impl.cc(198)] [20:11:23.435] Display: EVENT: screen_win.cc:895 Display[695197902] bounds=[0,0 1536x864], workarea=[0,0 1536x816], scale=1.25, rotation=0, panel_rotation=0 external detected
[22916:20036:0911/201124.049:VERBOSE1:media_stream_manager.cc(1533)] MSPL::OnSpeedLimitChange({this=000063440013AD40}, {new_limit=26})
[22916:20036:0911/201126.050:VERBOSE1:media_stream_manager.cc(1533)] MSPL::OnSpeedLimitChange({this=000063440013AD40}, {new_limit=25})
[22916:20036:0911/201129.051:VERBOSE1:media_stream_manager.cc(1533)] MSPL::OnSpeedLimitChange({this=000063440013AD40}, {new_limit=24})
[22916:20036:0911/201131.049:VERBOSE1:media_stream_manager.cc(1533)] MSPL::OnSpeedLimitChange({this=000063440013AD40}, {new_limit=23})
[22916:20036:0911/201133.051:VERBOSE1:media_stream_manager.cc(1533)] MSPL::OnSpeedLimitChange({this=000063440013AD40}, {new_limit=22})
[22916:20036:0911/201134.049:VERBOSE1:media_stream_manager.cc(1533)] MSPL::OnSpeedLimitChange({this=000063440013AD40}, {new_limit=23})
[22916:20036:0911/201141.068:VERBOSE1:media_stream_manager.cc(1533)] MSPL::OnSpeedLimitChange({this=000063440013AD40}, {new_limit=24})
[22916:20036:0911/201142.071:VERBOSE1:media_stream_manager.cc(1533)] MSPL::OnSpeedLimitChange({this=000063440013AD40}, {new_limit=23})
[22916:1804:0911/201145.998:VERBOSE1:device_event_log_impl.cc(198)] [20:11:45.998] Display: EVENT: screen_win.cc:893 Displays updated, count: 1
[22916:1804:0911/201145.998:VERBOSE1:device_event_log_impl.cc(198)] [20:11:45.998] Display: EVENT: screen_win.cc:895 Display[695197902] bounds=[0,0 1536x864], workarea=[0,0 1536x816], scale=1.25, rotation=0, panel_rotation=0 external detected
[22916:20036:0911/201149.128:VERBOSE1:media_stream_manager.cc(1533)] MSPL::OnSpeedLimitChange({this=000063440013AD40}, {new_limit=24})
[22916:20036:0911/201152.124:VERBOSE1:media_stream_manager.cc(1533)] MSPL::OnSpeedLimitChange({this=000063440013AD40}, {new_limit=25})
[22916:20036:0911/201153.125:VERBOSE1:media_stream_manager.cc(1533)] MSPL::OnSpeedLimitChange({this=000063440013AD40}, {new_limit=26})
[22916:20036:0911/201155.126:VERBOSE1:media_stream_manager.cc(1533)] MSPL::OnSpeedLimitChange({this=000063440013AD40}, {new_limit=27})
[22916:1804:0911/201158.533:VERBOSE1:device_event_log_impl.cc(198)] [20:11:58.533] Display: EVENT: screen_win.cc:893 Displays updated, count: 1
[22916:1804:0911/201158.533:VERBOSE1:device_event_log_impl.cc(198)] [20:11:58.533] Display: EVENT: screen_win.cc:895 Display[695197902] bounds=[0,0 1536x864], workarea=[0,0 1536x816], scale=1.25, rotation=0, panel_rotation=0 external detected
[22916:20036:0911/201202.434:VERBOSE1:media_stream_manager.cc(1533)] MSPL::OnSpeedLimitChange({this=000063440013AD40}, {new_limit=26})
[22916:20036:0911/201204.073:VERBOSE1:media_stream_manager.cc(1533)] MSPL::OnSpeedLimitChange({this=000063440013AD40}, {new_limit=25})
[22916:20036:0911/201206.072:VERBOSE1:media_stream_manager.cc(1533)] MSPL::OnSpeedLimitChange({this=000063440013AD40}, {new_limit=24})
[22916:20036:0911/201208.074:VERBOSE1:media_stream_manager.cc(1533)] MSPL::OnSpeedLimitChange({this=000063440013AD40}, {new_limit=23})
[22916:1804:0911/201210.820:VERBOSE1:device_event_log_impl.cc(198)] [20:12:10.819] Display: EVENT: screen_win.cc:893 Displays updated, count: 1
[22916:1804:0911/201210.820:VERBOSE1:device_event_log_impl.cc(198)] [20:12:10.820] Display: EVENT: screen_win.cc:895 Display[695197902] bounds=[0,0 1536x864], workarea=[0,0 1536x816], scale=1.25, rotation=0, panel_rotation=0 external detected
[22916:20036:0911/201216.081:VERBOSE1:media_stream_manager.cc(1533)] MSPL::OnSpeedLimitChange({this=000063440013AD40}, {new_limit=24})
[22916:20036:0911/201227.381:VERBOSE1:media_stream_manager.cc(1533)] MSPL::OnSpeedLimitChange({this=000063440013AD40}, {new_limit=25})
[22916:1804:0911/201229.836:VERBOSE1:device_event_log_impl.cc(198)] [20:12:29.836] Display: EVENT: screen_win.cc:893 Displays updated, count: 1
[22916:1804:0911/201229.836:VERBOSE1:device_event_log_impl.cc(198)] [20:12:29.836] Display: EVENT: screen_win.cc:895 Display[695197902] bounds=[0,0 1536x864], workarea=[0,0 1536x816], scale=1.25, rotation=0, panel_rotation=0 external detected
[22916:20036:0911/201232.087:VERBOSE1:media_stream_manager.cc(1533)] MSPL::OnSpeedLimitChange({this=000063440013AD40}, {new_limit=24})
[22916:20036:0911/201236.100:VERBOSE1:media_stream_manager.cc(1533)] MSPL::OnSpeedLimitChange({this=000063440013AD40}, {new_limit=23})
[22916:20036:0911/201239.101:VERBOSE1:media_stream_manager.cc(1533)] MSPL::OnSpeedLimitChange({this=000063440013AD40}, {new_limit=22})
[22916:20036:0911/201249.100:VERBOSE1:media_stream_manager.cc(1533)] MSPL::OnSpeedLimitChange({this=000063440013AD40}, {new_limit=23})
[22916:20036:0911/201250.102:VERBOSE1:media_stream_manager.cc(1533)] MSPL::OnSpeedLimitChange({this=000063440013AD40}, {new_limit=22})
[22916:20036:0911/201300.111:VERBOSE1:media_stream_manager.cc(1533)] MSPL::OnSpeedLimitChange({this=000063440013AD40}, {new_limit=23})
[22916:20036:0911/201302.129:VERBOSE1:media_stream_manager.cc(1533)] MSPL::OnSpeedLimitChange({this=000063440013AD40}, {new_limit=24})
[22916:20036:0911/201305.128:VERBOSE1:media_stream_manager.cc(1533)] MSPL::OnSpeedLimitChange({this=000063440013AD40}, {new_limit=25})
[22916:20036:0911/201308.143:VERBOSE1:media_stream_manager.cc(1533)] MSPL::OnSpeedLimitChange({this=000063440013AD40}, {new_limit=26})
[22916:20036:0911/201310.134:VERBOSE1:media_stream_manager.cc(1533)] MSPL::OnSpeedLimitChange({this=000063440013AD40}, {new_limit=27})
[22916:1804:0911/201332.206:VERBOSE1:device_event_log_impl.cc(198)] [20:13:32.206] Display: EVENT: screen_win.cc:893 Displays updated, count: 1
[22916:1804:0911/201332.206:VERBOSE1:device_event_log_impl.cc(198)] [20:13:32.206] Display: EVENT: screen_win.cc:895 Display[695197902] bounds=[0,0 1536x864], workarea=[0,0 1536x816], scale=1.25, rotation=0, panel_rotation=0 external detected
[22916:20036:0911/201335.149:VERBOSE1:media_stream_manager.cc(1533)] MSPL::OnSpeedLimitChange({this=000063440013AD40}, {new_limit=26})
[22916:20036:0911/201344.462:VERBOSE1:media_stream_manager.cc(1533)] MSPL::OnSpeedLimitChange({this=000063440013AD40}, {new_limit=27})
[22916:20036:0911/201346.467:VERBOSE1:media_stream_manager.cc(1533)] MSPL::OnSpeedLimitChange({this=000063440013AD40}, {new_limit=26})
[22916:20036:0911/201355.467:VERBOSE1:media_stream_manager.cc(1533)] MSPL::OnSpeedLimitChange({this=000063440013AD40}, {new_limit=27})
[1408:2632:0911/201407.469:VERBOSE1:network_delegate.cc(36)] NetworkDelegate::NotifyBeforeURLRequest: https://optimizationguide-pa.googleapis.com/v1:GetModels?key=dummytoken
[1408:2632:0911/201407.499:VERBOSE1:tls_handshaker.cc(105)] TlsClient: Continuing handshake
[1408:2632:0911/201407.505:VERBOSE1:tls_handshaker.cc(126)] TlsClient: SSL_do_handshake returned when entering early data. After retry, rv=-1, SSL_in_early_data=1
[1408:2632:0911/201407.595:VERBOSE1:tls_handshaker.cc(105)] TlsClient: Continuing handshake
[1408:2632:0911/201407.595:VERBOSE1:tls_handshaker.cc(105)] TlsClient: Continuing handshake
[1408:2632:0911/201407.595:VERBOSE1:tls_client_handshaker.cc(528)] Client: handshake finished
[22916:20036:0911/201503.480:VERBOSE1:media_stream_manager.cc(1533)] MSPL::OnSpeedLimitChange({this=000063440013AD40}, {new_limit=26})
[22916:20036:0911/201513.484:VERBOSE1:media_stream_manager.cc(1533)] MSPL::OnSpeedLimitChange({this=000063440013AD40}, {new_limit=27})
[22916:20036:0911/201521.487:VERBOSE1:media_stream_manager.cc(1533)] MSPL::OnSpeedLimitChange({this=000063440013AD40}, {new_limit=28})
[22916:20036:0911/201531.496:VERBOSE1:media_stream_manager.cc(1533)] MSPL::OnSpeedLimitChange({this=000063440013AD40}, {new_limit=27})
[22916:20036:0911/201541.489:VERBOSE1:media_stream_manager.cc(1533)] MSPL::OnSpeedLimitChange({this=000063440013AD40}, {new_limit=28})
[22916:20036:0911/201542.508:VERBOSE1:media_stream_manager.cc(1533)] MSPL::OnSpeedLimitChange({this=000063440013AD40}, {new_limit=27})
[22916:20036:0911/201556.484:VERBOSE1:media_stream_manager.cc(1533)] MSPL::OnSpeedLimitChange({this=000063440013AD40}, {new_limit=26})
[22916:20036:0911/201611.509:VERBOSE1:media_stream_manager.cc(1533)] MSPL::OnSpeedLimitChange({this=000063440013AD40}, {new_limit=27})
[22916:20036:0911/201645.523:VERBOSE1:media_stream_manager.cc(1533)] MSPL::OnSpeedLimitChange({this=000063440013AD40}, {new_limit=26})
[22916:20036:0911/201646.512:VERBOSE1:media_stream_manager.cc(1533)] MSPL::OnSpeedLimitChange({this=000063440013AD40}, {new_limit=27})
[1408:2632:0911/201653.850:VERBOSE1:network_delegate.cc(36)] NetworkDelegate::NotifyBeforeURLRequest: https://optimizationguide-pa.googleapis.com/v1:GetModels?key=dummytoken
[1408:2632:0911/201653.931:VERBOSE1:tls_handshaker.cc(105)] TlsClient: Continuing handshake
[1408:2632:0911/201653.938:VERBOSE1:tls_handshaker.cc(126)] TlsClient: SSL_do_handshake returned when entering early data. After retry, rv=-1, SSL_in_early_data=1
[1408:2632:0911/201654.033:VERBOSE1:tls_handshaker.cc(105)] TlsClient: Continuing handshake
[1408:2632:0911/201654.036:VERBOSE1:tls_handshaker.cc(105)] TlsClient: Continuing handshake
[1408:2632:0911/201654.037:VERBOSE1:tls_client_handshaker.cc(528)] Client: handshake finished
[22916:20036:0911/201831.537:VERBOSE1:media_stream_manager.cc(1533)] MSPL::OnSpeedLimitChange({this=000063440013AD40}, {new_limit=28})
[22916:20036:0911/201838.535:VERBOSE1:media_stream_manager.cc(1533)] MSPL::OnSpeedLimitChange({this=000063440013AD40}, {new_limit=27})
[22916:20036:0911/201840.540:VERBOSE1:media_stream_manager.cc(1533)] MSPL::OnSpeedLimitChange({this=000063440013AD40}, {new_limit=26})
[22916:20036:0911/201849.541:VERBOSE1:media_stream_manager.cc(1533)] MSPL::OnSpeedLimitChange({this=000063440013AD40}, {new_limit=27})
[22916:1804:0911/201857.327:VERBOSE1:device_event_log_impl.cc(198)] [20:18:57.327] Display: EVENT: screen_win.cc:893 Displays updated, count: 1
[22916:1804:0911/201857.328:VERBOSE1:device_event_log_impl.cc(198)] [20:18:57.327] Display: EVENT: screen_win.cc:895 Display[695197902] bounds=[0,0 1536x864], workarea=[0,0 1536x816], scale=1.25, rotation=0, panel_rotation=0 external detected
[22916:20036:0911/201859.614:VERBOSE1:media_stream_manager.cc(1533)] MSPL::OnSpeedLimitChange({this=000063440013AD40}, {new_limit=26})
[22916:20036:0911/201900.614:VERBOSE1:media_stream_manager.cc(1533)] MSPL::OnSpeedLimitChange({this=000063440013AD40}, {new_limit=27})
[22916:20036:0911/201904.614:VERBOSE1:media_stream_manager.cc(1533)] MSPL::OnSpeedLimitChange({this=000063440013AD40}, {new_limit=26})
[22916:20036:0911/201906.614:VERBOSE1:media_stream_manager.cc(1533)] MSPL::OnSpeedLimitChange({this=000063440013AD40}, {new_limit=25})
[22916:20036:0911/201907.614:VERBOSE1:media_stream_manager.cc(1533)] MSPL::OnSpeedLimitChange({this=000063440013AD40}, {new_limit=24})
[22916:20036:0911/201909.614:VERBOSE1:media_stream_manager.cc(1533)] MSPL::OnSpeedLimitChange({this=000063440013AD40}, {new_limit=23})
[22916:20036:0911/201911.614:VERBOSE1:media_stream_manager.cc(1533)] MSPL::OnSpeedLimitChange({this=000063440013AD40}, {new_limit=22})
[22916:20036:0911/201914.614:VERBOSE1:media_stream_manager.cc(1533)] MSPL::OnSpeedLimitChange({this=000063440013AD40}, {new_limit=23})
[22916:20036:0911/201915.614:VERBOSE1:media_stream_manager.cc(1533)] MSPL::OnSpeedLimitChange({this=000063440013AD40}, {new_limit=22})
[22916:20036:0911/201918.615:VERBOSE1:media_stream_manager.cc(1533)] MSPL::OnSpeedLimitChange({this=000063440013AD40}, {new_limit=23})
[22916:1804:0911/201920.478:VERBOSE1:device_event_log_impl.cc(198)] [20:19:20.477] Display: EVENT: screen_win.cc:893 Displays updated, count: 1
[22916:1804:0911/201920.478:VERBOSE1:device_event_log_impl.cc(198)] [20:19:20.477] Display: EVENT: screen_win.cc:895 Display[695197902] bounds=[0,0 1536x864], workarea=[0,0 1536x816], scale=1.25, rotation=0, panel_rotation=0 external detected
[22916:20036:0911/201920.639:VERBOSE1:media_stream_manager.cc(1533)] MSPL::OnSpeedLimitChange({this=000063440013AD40}, {new_limit=24})
[22916:20036:0911/201921.412:VERBOSE1:media_stream_manager.cc(1533)] MSPL::OnSpeedLimitChange({this=000063440013AD40}, {new_limit=23})
[22916:20036:0911/201925.416:VERBOSE1:media_stream_manager.cc(1533)] MSPL::OnSpeedLimitChange({this=000063440013AD40}, {new_limit=24})
[22916:20036:0911/201926.417:VERBOSE1:media_stream_manager.cc(1533)] MSPL::OnSpeedLimitChange({this=000063440013AD40}, {new_limit=25})
[1408:2632:0911/201929.420:VERBOSE1:network_delegate.cc(36)] NetworkDelegate::NotifyBeforeURLRequest: https://optimizationguide-pa.googleapis.com/v1:GetModels?key=dummytoken
[1408:2632:0911/201929.421:VERBOSE1:tls_handshaker.cc(105)] TlsClient: Continuing handshake
[1408:2632:0911/201929.423:VERBOSE1:tls_handshaker.cc(126)] TlsClient: SSL_do_handshake returned when entering early data. After retry, rv=-1, SSL_in_early_data=1
[1408:2632:0911/201929.513:VERBOSE1:tls_handshaker.cc(105)] TlsClient: Continuing handshake
[1408:2632:0911/201929.514:VERBOSE1:tls_handshaker.cc(105)] TlsClient: Continuing handshake
[1408:2632:0911/201929.514:VERBOSE1:tls_client_handshaker.cc(528)] Client: handshake finished
[22916:1804:0911/201929.853:VERBOSE1:device_event_log_impl.cc(198)] [20:19:29.852] Display: EVENT: screen_win.cc:893 Displays updated, count: 1
[22916:1804:0911/201929.853:VERBOSE1:device_event_log_impl.cc(198)] [20:19:29.853] Display: EVENT: screen_win.cc:895 Display[695197902] bounds=[0,0 1536x864], workarea=[0,0 1536x816], scale=1.25, rotation=0, panel_rotation=0 external detected
[22916:20036:0911/201934.427:VERBOSE1:media_stream_manager.cc(1533)] MSPL::OnSpeedLimitChange({this=000063440013AD40}, {new_limit=24})
[22916:20036:0911/201936.428:VERBOSE1:media_stream_manager.cc(1533)] MSPL::OnSpeedLimitChange({this=000063440013AD40}, {new_limit=23})
[22916:20036:0911/201938.428:VERBOSE1:media_stream_manager.cc(1533)] MSPL::OnSpeedLimitChange({this=000063440013AD40}, {new_limit=22})
[22916:20036:0911/201939.430:VERBOSE1:media_stream_manager.cc(1533)] MSPL::OnSpeedLimitChange({this=000063440013AD40}, {new_limit=21})
[22916:20036:0911/201944.428:VERBOSE1:media_stream_manager.cc(1533)] MSPL::OnSpeedLimitChange({this=000063440013AD40}, {new_limit=20})
[22916:20036:0911/201950.427:VERBOSE1:media_stream_manager.cc(1533)] MSPL::OnSpeedLimitChange({this=000063440013AD40}, {new_limit=21})
[22916:20036:0911/201954.433:VERBOSE1:media_stream_manager.cc(1533)] MSPL::OnSpeedLimitChange({this=000063440013AD40}, {new_limit=22})
[22916:20036:0911/201956.473:VERBOSE1:media_stream_manager.cc(1533)] MSPL::OnSpeedLimitChange({this=000063440013AD40}, {new_limit=23})
[22916:20036:0911/201957.468:VERBOSE1:media_stream_manager.cc(1533)] MSPL::OnSpeedLimitChange({this=000063440013AD40}, {new_limit=24})
[22916:20036:0911/202000.466:VERBOSE1:media_stream_manager.cc(1533)] MSPL::OnSpeedLimitChange({this=000063440013AD40}, {new_limit=25})
[22916:20036:0911/202010.466:VERBOSE1:media_stream_manager.cc(1533)] MSPL::OnSpeedLimitChange({this=000063440013AD40}, {new_limit=24})
[22916:20036:0911/202013.469:VERBOSE1:media_stream_manager.cc(1533)] MSPL::OnSpeedLimitChange({this=000063440013AD40}, {new_limit=25})
[22916:20036:0911/202017.468:VERBOSE1:media_stream_manager.cc(1533)] MSPL::OnSpeedLimitChange({this=000063440013AD40}, {new_limit=26})
[22916:20036:0911/202021.468:VERBOSE1:media_stream_manager.cc(1533)] MSPL::OnSpeedLimitChange({this=000063440013AD40}, {new_limit=27})
[22916:20036:0911/202022.467:VERBOSE1:media_stream_manager.cc(1533)] MSPL::OnSpeedLimitChange({this=000063440013AD40}, {new_limit=26})
[22916:20036:0911/202026.473:VERBOSE1:media_stream_manager.cc(1533)] MSPL::OnSpeedLimitChange({this=000063440013AD40}, {new_limit=27})
[22916:20036:0911/202029.471:VERBOSE1:media_stream_manager.cc(1533)] MSPL::OnSpeedLimitChange({this=000063440013AD40}, {new_limit=26})
[22916:20036:0911/202032.470:VERBOSE1:media_stream_manager.cc(1533)] MSPL::OnSpeedLimitChange({this=000063440013AD40}, {new_limit=27})
[22916:20036:0911/202058.477:VERBOSE1:media_stream_manager.cc(1533)] MSPL::OnSpeedLimitChange({this=000063440013AD40}, {new_limit=26})
[22916:20036:0911/202059.481:VERBOSE1:media_stream_manager.cc(1533)] MSPL::OnSpeedLimitChange({this=000063440013AD40}, {new_limit=27})
[22916:20036:0911/202102.479:VERBOSE1:media_stream_manager.cc(1533)] MSPL::OnSpeedLimitChange({this=000063440013AD40}, {new_limit=26})
[22916:20036:0911/202105.478:VERBOSE1:media_stream_manager.cc(1533)] MSPL::OnSpeedLimitChange({this=000063440013AD40}, {new_limit=27})
[1408:2632:0911/202202.498:VERBOSE1:network_delegate.cc(36)] NetworkDelegate::NotifyBeforeURLRequest: https://optimizationguide-pa.googleapis.com/v1:GetModels?key=dummytoken
[1408:2632:0911/202202.575:VERBOSE1:tls_handshaker.cc(105)] TlsClient: Continuing handshake
[1408:2632:0911/202202.577:VERBOSE1:tls_handshaker.cc(126)] TlsClient: SSL_do_handshake returned when entering early data. After retry, rv=-1, SSL_in_early_data=1
[1408:2632:0911/202202.688:VERBOSE1:tls_handshaker.cc(105)] TlsClient: Continuing handshake
[1408:2632:0911/202202.717:VERBOSE1:tls_handshaker.cc(105)] TlsClient: Continuing handshake
[1408:2632:0911/202202.717:VERBOSE1:tls_client_handshaker.cc(625)] 0-RTT handshake attempted but was rejected by the server
[1408:2632:0911/202202.717:VERBOSE1:tls_handshaker.cc(105)] TlsClient: Continuing handshake
[1408:2632:0911/202202.717:VERBOSE1:tls_handshaker.cc(105)] TlsClient: Continuing handshake
[1408:2632:0911/202202.718:VERBOSE1:tls_handshaker.cc(105)] TlsClient: Continuing handshake
[1408:2632:0911/202202.718:VERBOSE1:tls_handshaker.cc(105)] TlsClient: Continuing handshake
[1408:2632:0911/202202.720:VERBOSE1:tls_client_handshaker.cc(528)] Client: handshake finished
[22916:20036:0911/202202.826:VERBOSE1:media_stream_manager.cc(1533)] MSPL::OnSpeedLimitChange({this=000063440013AD40}, {new_limit=26})
[22916:20036:0911/202212.539:VERBOSE1:media_stream_manager.cc(1533)] MSPL::OnSpeedLimitChange({this=000063440013AD40}, {new_limit=27})
[22916:20036:0911/202241.884:VERBOSE1:media_stream_manager.cc(1533)] MSPL::OnSpeedLimitChange({this=000063440013AD40}, {new_limit=28})
[22916:20036:0911/202244.883:VERBOSE1:media_stream_manager.cc(1533)] MSPL::OnSpeedLimitChange({this=000063440013AD40}, {new_limit=27})
[22916:20036:0911/202329.893:VERBOSE1:media_stream_manager.cc(1533)] MSPL::OnSpeedLimitChange({this=000063440013AD40}, {new_limit=26})
[22916:20036:0911/202332.890:VERBOSE1:media_stream_manager.cc(1533)] MSPL::OnSpeedLimitChange({this=000063440013AD40}, {new_limit=27})
[22916:20036:0911/202435.902:VERBOSE1:media_stream_manager.cc(1533)] MSPL::OnSpeedLimitChange({this=000063440013AD40}, {new_limit=26})
[22916:20036:0911/202437.901:VERBOSE1:media_stream_manager.cc(1533)] MSPL::OnSpeedLimitChange({this=000063440013AD40}, {new_limit=27})
[22916:20036:0911/202442.904:VERBOSE1:media_stream_manager.cc(1533)] MSPL::OnSpeedLimitChange({this=000063440013AD40}, {new_limit=26})
[22916:20036:0911/202447.904:VERBOSE1:media_stream_manager.cc(1533)] MSPL::OnSpeedLimitChange({this=000063440013AD40}, {new_limit=25})
[1408:2632:0911/202449.914:VERBOSE1:network_delegate.cc(36)] NetworkDelegate::NotifyBeforeURLRequest: https://optimizationguide-pa.googleapis.com/v1:GetModels?key=dummytoken
[1408:2632:0911/202449.968:VERBOSE1:tls_handshaker.cc(105)] TlsClient: Continuing handshake
[1408:2632:0911/202449.975:VERBOSE1:tls_handshaker.cc(126)] TlsClient: SSL_do_handshake returned when entering early data. After retry, rv=-1, SSL_in_early_data=1
[1408:2632:0911/202450.025:VERBOSE1:tls_handshaker.cc(105)] TlsClient: Continuing handshake
[1408:2632:0911/202450.066:VERBOSE1:tls_handshaker.cc(105)] TlsClient: Continuing handshake
[1408:2632:0911/202450.066:VERBOSE1:tls_client_handshaker.cc(625)] 0-RTT handshake attempted but was rejected by the server
[1408:2632:0911/202450.066:VERBOSE1:tls_handshaker.cc(105)] TlsClient: Continuing handshake
[1408:2632:0911/202450.066:VERBOSE1:tls_handshaker.cc(105)] TlsClient: Continuing handshake
[1408:2632:0911/202450.579:VERBOSE1:tls_handshaker.cc(105)] TlsClient: Continuing handshake
[1408:2632:0911/202450.583:VERBOSE1:tls_client_handshaker.cc(528)] Client: handshake finished
[22916:20036:0911/202452.908:VERBOSE1:media_stream_manager.cc(1533)] MSPL::OnSpeedLimitChange({this=000063440013AD40}, {new_limit=26})
[22916:20036:0911/202458.911:VERBOSE1:media_stream_manager.cc(1533)] MSPL::OnSpeedLimitChange({this=000063440013AD40}, {new_limit=27})
[22916:20036:0911/202500.917:VERBOSE1:media_stream_manager.cc(1533)] MSPL::OnSpeedLimitChange({this=000063440013AD40}, {new_limit=26})
[22916:20036:0911/202501.917:VERBOSE1:media_stream_manager.cc(1533)] MSPL::OnSpeedLimitChange({this=000063440013AD40}, {new_limit=27})
[22916:20036:0911/202508.913:VERBOSE1:media_stream_manager.cc(1533)] MSPL::OnSpeedLimitChange({this=000063440013AD40}, {new_limit=26})
[22916:20036:0911/202515.920:VERBOSE1:media_stream_manager.cc(1533)] MSPL::OnSpeedLimitChange({this=000063440013AD40}, {new_limit=27})
[22916:20036:0911/202532.917:VERBOSE1:media_stream_manager.cc(1533)] MSPL::OnSpeedLimitChange({this=000063440013AD40}, {new_limit=26})
[22916:20036:0911/202533.917:VERBOSE1:media_stream_manager.cc(1533)] MSPL::OnSpeedLimitChange({this=000063440013AD40}, {new_limit=27})
[22916:20036:0911/202615.927:VERBOSE1:media_stream_manager.cc(1533)] MSPL::OnSpeedLimitChange({this=000063440013AD40}, {new_limit=28})
[22916:20036:0911/202621.924:VERBOSE1:media_stream_manager.cc(1533)] MSPL::OnSpeedLimitChange({this=000063440013AD40}, {new_limit=27})
[22916:20036:0911/202650.926:VERBOSE1:media_stream_manager.cc(1533)] MSPL::OnSpeedLimitChange({this=000063440013AD40}, {new_limit=28})
[22916:20036:0911/202656.929:VERBOSE1:media_stream_manager.cc(1533)] MSPL::OnSpeedLimitChange({this=000063440013AD40}, {new_limit=27})
[22916:20036:0911/202706.931:VERBOSE1:media_stream_manager.cc(1533)] MSPL::OnSpeedLimitChange({this=000063440013AD40}, {new_limit=28})
[22916:20036:0911/202709.930:VERBOSE1:media_stream_manager.cc(1533)] MSPL::OnSpeedLimitChange({this=000063440013AD40}, {new_limit=27})
[22916:20036:0911/202722.932:VERBOSE1:media_stream_manager.cc(1533)] MSPL::OnSpeedLimitChange({this=000063440013AD40}, {new_limit=28})
[1408:2632:0911/202727.603:VERBOSE1:network_delegate.cc(36)] NetworkDelegate::NotifyBeforeURLRequest: https://optimizationguide-pa.googleapis.com/v1:GetModels?key=dummytoken
[1408:2632:0911/202727.637:VERBOSE1:tls_handshaker.cc(105)] TlsClient: Continuing handshake
[1408:2632:0911/202727.643:VERBOSE1:tls_handshaker.cc(126)] TlsClient: SSL_do_handshake returned when entering early data. After retry, rv=-1, SSL_in_early_data=1
[22916:1804:0911/202727.732:VERBOSE1:device_event_log_impl.cc(198)] [20:27:27.732] Display: EVENT: screen_win.cc:893 Displays updated, count: 1
[22916:1804:0911/202727.732:VERBOSE1:device_event_log_impl.cc(198)] [20:27:27.732] Display: EVENT: screen_win.cc:895 Display[695197902] bounds=[0,0 1536x864], workarea=[0,0 1536x816], scale=1.25, rotation=0, panel_rotation=0 external detected
[1408:2632:0911/202727.739:VERBOSE1:tls_handshaker.cc(105)] TlsClient: Continuing handshake
[1408:2632:0911/202727.739:VERBOSE1:tls_handshaker.cc(105)] TlsClient: Continuing handshake
[1408:2632:0911/202727.739:VERBOSE1:tls_client_handshaker.cc(528)] Client: handshake finished
[22916:20036:0911/202727.960:VERBOSE1:media_stream_manager.cc(1533)] MSPL::OnSpeedLimitChange({this=000063440013AD40}, {new_limit=27})
[22916:20036:0911/202802.066:VERBOSE1:media_stream_manager.cc(1533)] MSPL::OnSpeedLimitChange({this=000063440013AD40}, {new_limit=26})
[22916:20036:0911/202808.068:VERBOSE1:media_stream_manager.cc(1533)] MSPL::OnSpeedLimitChange({this=000063440013AD40}, {new_limit=27})
[22916:20036:0911/202810.094:VERBOSE1:media_stream_manager.cc(1533)] MSPL::OnSpeedLimitChange({this=000063440013AD40}, {new_limit=26})
[22916:20036:0911/202811.080:VERBOSE1:media_stream_manager.cc(1533)] MSPL::OnSpeedLimitChange({this=000063440013AD40}, {new_limit=27})
[22916:20036:0911/202828.067:VERBOSE1:media_stream_manager.cc(1533)] MSPL::OnSpeedLimitChange({this=000063440013AD40}, {new_limit=26})
[22916:20036:0911/202834.071:VERBOSE1:media_stream_manager.cc(1533)] MSPL::OnSpeedLimitChange({this=000063440013AD40}, {new_limit=27})
[22916:20036:0911/202835.068:VERBOSE1:media_stream_manager.cc(1533)] MSPL::OnSpeedLimitChange({this=000063440013AD40}, {new_limit=26})
[22916:20036:0911/202837.071:VERBOSE1:media_stream_manager.cc(1533)] MSPL::OnSpeedLimitChange({this=000063440013AD40}, {new_limit=27})
[22916:20036:0911/202901.074:VERBOSE1:media_stream_manager.cc(1533)] MSPL::OnSpeedLimitChange({this=000063440013AD40}, {new_limit=28})
[22916:20036:0911/202902.079:VERBOSE1:media_stream_manager.cc(1533)] MSPL::OnSpeedLimitChange({this=000063440013AD40}, {new_limit=27})
[22916:20036:0911/202907.090:VERBOSE1:media_stream_manager.cc(1533)] MSPL::OnSpeedLimitChange({this=000063440013AD40}, {new_limit=26})
[22916:20036:0911/202916.076:VERBOSE1:media_stream_manager.cc(1533)] MSPL::OnSpeedLimitChange({this=000063440013AD40}, {new_limit=27})
[22916:20036:0911/202922.081:VERBOSE1:media_stream_manager.cc(1533)] MSPL::OnSpeedLimitChange({this=000063440013AD40}, {new_limit=28})
[22916:20036:0911/202928.090:VERBOSE1:media_stream_manager.cc(1533)] MSPL::OnSpeedLimitChange({this=000063440013AD40}, {new_limit=27})
[22916:20036:0911/202941.086:VERBOSE1:media_stream_manager.cc(1533)] MSPL::OnSpeedLimitChange({this=000063440013AD40}, {new_limit=26})
[22916:20036:0911/202959.086:VERBOSE1:media_stream_manager.cc(1533)] MSPL::OnSpeedLimitChange({this=000063440013AD40}, {new_limit=27})
[22916:20036:0911/203000.081:VERBOSE1:media_stream_manager.cc(1533)] MSPL::OnSpeedLimitChange({this=000063440013AD40}, {new_limit=26})
[1408:2632:0911/203008.091:VERBOSE1:network_delegate.cc(36)] NetworkDelegate::NotifyBeforeURLRequest: https://optimizationguide-pa.googleapis.com/v1:GetModels?key=dummytoken
[1408:2632:0911/203008.116:VERBOSE1:tls_handshaker.cc(105)] TlsClient: Continuing handshake
[1408:2632:0911/203008.118:VERBOSE1:tls_handshaker.cc(126)] TlsClient: SSL_do_handshake returned when entering early data. After retry, rv=-1, SSL_in_early_data=1
[1408:2632:0911/203008.208:VERBOSE1:tls_handshaker.cc(105)] TlsClient: Continuing handshake
[1408:2632:0911/203008.208:VERBOSE1:tls_handshaker.cc(105)] TlsClient: Continuing handshake
[1408:2632:0911/203008.209:VERBOSE1:tls_client_handshaker.cc(528)] Client: handshake finished
[22916:1804:0911/203009.478:VERBOSE1:device_event_log_impl.cc(198)] [20:30:09.477] Display: EVENT: screen_win.cc:893 Displays updated, count: 1
[22916:1804:0911/203009.478:VERBOSE1:device_event_log_impl.cc(198)] [20:30:09.478] Display: EVENT: screen_win.cc:895 Display[695197902] bounds=[0,0 1536x864], workarea=[0,0 1536x816], scale=1.25, rotation=0, panel_rotation=0 external detected
[22916:20036:0911/203015.024:VERBOSE1:media_stream_manager.cc(1533)] MSPL::OnSpeedLimitChange({this=000063440013AD40}, {new_limit=27})
[22916:20036:0911/203020.030:VERBOSE1:media_stream_manager.cc(1533)] MSPL::OnSpeedLimitChange({this=000063440013AD40}, {new_limit=28})
[22916:20036:0911/203022.017:VERBOSE1:media_stream_manager.cc(1533)] MSPL::OnSpeedLimitChange({this=000063440013AD40}, {new_limit=27})
[22916:1804:0911/203036.399:VERBOSE1:device_event_log_impl.cc(198)] [20:30:36.399] Display: EVENT: screen_win.cc:893 Displays updated, count: 1
[22916:1804:0911/203036.399:VERBOSE1:device_event_log_impl.cc(198)] [20:30:36.399] Display: EVENT: screen_win.cc:895 Display[695197902] bounds=[0,0 1536x864], workarea=[0,0 1536x816], scale=1.25, rotation=0, panel_rotation=0 external detected
[22916:20036:0911/203040.973:VERBOSE1:media_stream_manager.cc(1533)] MSPL::OnSpeedLimitChange({this=000063440013AD40}, {new_limit=26})
[22916:20036:0911/203046.985:VERBOSE1:media_stream_manager.cc(1533)] MSPL::OnSpeedLimitChange({this=000063440013AD40}, {new_limit=27})
[22916:20036:0911/203047.998:VERBOSE1:media_stream_manager.cc(1533)] MSPL::OnSpeedLimitChange({this=000063440013AD40}, {new_limit=26})
[22916:20036:0911/203050.992:VERBOSE1:media_stream_manager.cc(1533)] MSPL::OnSpeedLimitChange({this=000063440013AD40}, {new_limit=27})
[22916:20036:0911/203113.978:VERBOSE1:media_stream_manager.cc(1533)] MSPL::OnSpeedLimitChange({this=000063440013AD40}, {new_limit=26})
[22916:20036:0911/203114.991:VERBOSE1:media_stream_manager.cc(1533)] MSPL::OnSpeedLimitChange({this=000063440013AD40}, {new_limit=27})
[22916:20036:0911/203148.333:VERBOSE1:media_stream_manager.cc(1533)] MSPL::OnSpeedLimitChange({this=000063440013AD40}, {new_limit=28})
[22916:20036:0911/203149.320:VERBOSE1:media_stream_manager.cc(1533)] MSPL::OnSpeedLimitChange({this=000063440013AD40}, {new_limit=27})
[22916:20036:0911/203249.333:VERBOSE1:media_stream_manager.cc(1533)] MSPL::OnSpeedLimitChange({this=000063440013AD40}, {new_limit=28})
[22916:20036:0911/203253.331:VERBOSE1:media_stream_manager.cc(1533)] MSPL::OnSpeedLimitChange({this=000063440013AD40}, {new_limit=27})
[1408:2632:0911/203305.350:VERBOSE1:network_delegate.cc(36)] NetworkDelegate::NotifyBeforeURLRequest: https://optimizationguide-pa.googleapis.com/v1:GetModels?key=dummytoken
[1408:2632:0911/203305.558:VERBOSE1:tls_handshaker.cc(105)] TlsClient: Continuing handshake
[1408:2632:0911/203305.564:VERBOSE1:tls_handshaker.cc(126)] TlsClient: SSL_do_handshake returned when entering early data. After retry, rv=-1, SSL_in_early_data=1
[1408:2632:0911/203305.659:VERBOSE1:tls_handshaker.cc(105)] TlsClient: Continuing handshake
[1408:2632:0911/203305.661:VERBOSE1:tls_handshaker.cc(105)] TlsClient: Continuing handshake
[1408:2632:0911/203305.663:VERBOSE1:tls_client_handshaker.cc(528)] Client: handshake finished
[22916:20036:0911/203312.339:VERBOSE1:media_stream_manager.cc(1533)] MSPL::OnSpeedLimitChange({this=000063440013AD40}, {new_limit=28})
[22916:20036:0911/203317.345:VERBOSE1:media_stream_manager.cc(1533)] MSPL::OnSpeedLimitChange({this=000063440013AD40}, {new_limit=27})
[22916:20036:0911/203334.340:VERBOSE1:media_stream_manager.cc(1533)] MSPL::OnSpeedLimitChange({this=000063440013AD40}, {new_limit=28})
[22916:20036:0911/203338.341:VERBOSE1:media_stream_manager.cc(1533)] MSPL::OnSpeedLimitChange({this=000063440013AD40}, {new_limit=27})
[22916:20036:0911/203410.342:VERBOSE1:media_stream_manager.cc(1533)] MSPL::OnSpeedLimitChange({this=000063440013AD40}, {new_limit=28})
[22916:20036:0911/203423.369:VERBOSE1:media_stream_manager.cc(1533)] MSPL::OnSpeedLimitChange({this=000063440013AD40}, {new_limit=27})
[22916:20036:0911/203453.361:VERBOSE1:media_stream_manager.cc(1533)] MSPL::OnSpeedLimitChange({this=000063440013AD40}, {new_limit=26})
[22916:20036:0911/203500.363:VERBOSE1:media_stream_manager.cc(1533)] MSPL::OnSpeedLimitChange({this=000063440013AD40}, {new_limit=25})
[22916:20036:0911/203501.366:VERBOSE1:media_stream_manager.cc(1533)] MSPL::OnSpeedLimitChange({this=000063440013AD40}, {new_limit=26})
[22916:20036:0911/203503.364:VERBOSE1:media_stream_manager.cc(1533)] MSPL::OnSpeedLimitChange({this=000063440013AD40}, {new_limit=27})
[22916:20036:0911/203509.361:VERBOSE1:media_stream_manager.cc(1533)] MSPL::OnSpeedLimitChange({this=000063440013AD40}, {new_limit=26})
[22916:20036:0911/203510.363:VERBOSE1:media_stream_manager.cc(1533)] MSPL::OnSpeedLimitChange({this=000063440013AD40}, {new_limit=27})
[22916:20036:0911/203516.360:VERBOSE1:media_stream_manager.cc(1533)] MSPL::OnSpeedLimitChange({this=000063440013AD40}, {new_limit=26})
[22916:20036:0911/203518.359:VERBOSE1:media_stream_manager.cc(1533)] MSPL::OnSpeedLimitChange({this=000063440013AD40}, {new_limit=27})
[22916:20036:0911/203536.375:VERBOSE1:media_stream_manager.cc(1533)] MSPL::OnSpeedLimitChange({this=000063440013AD40}, {new_limit=28})
[22916:20036:0911/203537.369:VERBOSE1:media_stream_manager.cc(1533)] MSPL::OnSpeedLimitChange({this=000063440013AD40}, {new_limit=27})
[1408:2632:0911/203541.040:VERBOSE1:network_delegate.cc(36)] NetworkDelegate::NotifyBeforeURLRequest: https://optimizationguide-pa.googleapis.com/v1:GetModels?key=dummytoken
[1408:2632:0911/203541.080:VERBOSE1:tls_handshaker.cc(105)] TlsClient: Continuing handshake
[1408:2632:0911/203541.088:VERBOSE1:tls_handshaker.cc(126)] TlsClient: SSL_do_handshake returned when entering early data. After retry, rv=-1, SSL_in_early_data=1
[1408:2632:0911/203541.176:VERBOSE1:tls_handshaker.cc(105)] TlsClient: Continuing handshake
[1408:2632:0911/203541.177:VERBOSE1:tls_handshaker.cc(105)] TlsClient: Continuing handshake
[1408:2632:0911/203541.178:VERBOSE1:tls_client_handshaker.cc(528)] Client: handshake finished
[22916:20036:0911/203547.371:VERBOSE1:media_stream_manager.cc(1533)] MSPL::OnSpeedLimitChange({this=000063440013AD40}, {new_limit=28})
[22916:20036:0911/203549.377:VERBOSE1:media_stream_manager.cc(1533)] MSPL::OnSpeedLimitChange({this=000063440013AD40}, {new_limit=27})
[22916:20036:0911/203654.384:VERBOSE1:media_stream_manager.cc(1533)] MSPL::OnSpeedLimitChange({this=000063440013AD40}, {new_limit=26})
[22916:20036:0911/203704.393:VERBOSE1:media_stream_manager.cc(1533)] MSPL::OnSpeedLimitChange({this=000063440013AD40}, {new_limit=27})
[22916:20036:0911/203712.385:VERBOSE1:media_stream_manager.cc(1533)] MSPL::OnSpeedLimitChange({this=000063440013AD40}, {new_limit=26})
